DeviceTag: XsensDOT,FirmwareVersion: 2.2.1,AppVersion: 2022.2.0,SyncStatus: Unknown (Synced/Un-synced),OutputRate: 60,FilterProfile: Unknown,Measurement Mode: Inertial Mode - Rate quantities,StartTime: 2022-12-03 22:44:55.622,Â© Movella Technologies B.V. 2005-2022
SampleTimeFine,Acc_X,Acc_Y,Acc_Z,Gyr_X,Gyr_Y,Gyr_Z
17827458,-0.0877,-0.0588,9.7972,-0.4969,0.0723,-0.2015
17827624,-0.0803,-0.0481,9.8042,-0.3991,0.0710,-0.1664
17827791,-0.0658,-0.0540,9.7991,-0.4545,0.1238,-0.2053
17827958,-0.0846,-0.0452,9.7940,-0.4524,0.0384,-0.1270
17828124,-0.0789,-0.0402,9.7987,-0.4943,0.0429,-0.1890
17828291,-0.0863,-0.0477,9.8093,-0.3794,0.1076,-0.1278
17828458,-0.0681,-0.0560,9.8146,-0.4272,0.1350,-0.1754
17828624,-0.0759,-0.0438,9.8075,-0.4562,0.0895,-0.1539
17828791,-0.0829,-0.0508,9.8056,-0.4205,0.0435,-0.0980
17828958,-0.0794,-0.0475,9.8087,-0.3860,0.0519,-0.1448
17829124,-0.0834,-0.0494,9.8078,-0.4478,0.0496,-0.1275
17829291,-0.0712,-0.0504,9.7990,-0.4595,0.0246,-0.1910
17829458,-0.0893,-0.0528,9.8083,-0.3508,-0.0353,-0.1688
17829624,-0.0717,-0.0458,9.8120,-0.4099,0.0609,-0.1322
17829791,-0.0890,-0.0396,9.8060,-0.4453,0.0739,-0.1625
17829958,-0.0955,-0.0558,9.8083,-0.4347,0.1077,-0.1040
17830124,-0.0795,-0.0519,9.8101,-0.4837,0.0718,-0.0948
17830291,-0.0742,-0.0452,9.8210,-0.4326,0.0618,-0.1977
17830458,-0.0885,-0.0523,9.8047,-0.4478,0.0593,-0.1472
17830624,-0.0762,-0.0521,9.8112,-0.4212,0.0268,-0.1900
17830791,-0.0826,-0.0436,9.8048,-0.4264,0.0702,-0.1342
17830958,-0.0806,-0.0514,9.8095,-0.3729,0.1010,-0.1727
17831124,-0.0806,-0.0517,9.8109,-0.4082,0.0447,-0.1397
17831291,-0.0794,-0.0549,9.8076,-0.4505,0.0103,-0.1489
17831458,-0.0665,-0.0637,9.7921,-0.4667,0.1219,-0.1542
17831624,-0.0853,-0.0562,9.8216,-0.4543,0.0883,-0.1956
17831791,-0.0873,-0.0446,9.8047,-0.4329,0.0121,-0.1941
17831958,-0.0791,-0.0518,9.8164,-0.4728,0.0677,-0.1322
17832125,-0.0820,-0.0455,9.7962,-0.4578,0.0544,-0.1788
17832291,-0.0683,-0.0460,9.8095,-0.4919,0.0846,-0.1201
17832458,-0.0829,-0.0423,9.8144,-0.4412,0.0379,-0.1084
17832625,-0.0917,-0.0416,9.8104,-0.3891,0.0738,-0.1755
17832791,-0.0953,-0.0358,9.8188,-0.4880,0.0742,-0.1464
17832958,-0.0760,-0.0535,9.8112,-0.4271,0.0832,-0.1588
17833125,-0.0868,-0.0499,9.8073,-0.4327,0.0575,-0.1460
17833291,-0.0813,-0.0624,9.8066,-0.4617,0.1090,-0.1313
17833458,-0.0864,-0.0527,9.8071,-0.5479,0.0694,-0.1305
17833625,-0.0844,-0.0476,9.8022,-0.5090,0.0385,-0.1910
17833791,-0.0883,-0.0460,9.8141,-0.3975,0.0743,-0.1841
17833958,-0.0684,-0.0524,9.8109,-0.4872,0.0182,-0.1963
17834125,-0.0781,-0.0659,9.8131,-0.4406,0.0528,-0.1220
17834291,-0.0941,-0.0430,9.8098,-0.3728,0.0973,-0.1714
17834458,-0.0855,-0.0438,9.8112,-0.4624,0.0460,-0.1401
17834625,-0.0902,-0.0510,9.8271,-0.4532,0.0708,-0.1164
17834791,-0.0820,-0.0570,9.7944,-0.4349,0.1331,-0.1702
17834958,-0.0839,-0.0377,9.8269,-0.4644,0.0993,-0.1466
17835125,-0.0873,-0.0617,9.8094,-0.4937,0.0830,-0.1551
17835291,-0.0875,-0.0457,9.8103,-0.3830,0.0385,-0.1822
17835458,-0.0812,-0.0453,9.8138,-0.3736,0.0213,-0.1079
17835625,-0.0775,-0.0497,9.8090,-0.3757,-0.0133,-0.1218
17835791,-0.0890,-0.0422,9.8083,-0.4390,0.0837,-0.1333
17835958,-0.0838,-0.0608,9.7996,-0.3682,0.0864,-0.1209
17836125,-0.0791,-0.0516,9.8028,-0.4052,0.0557,-0.2356
17836291,-0.0752,-0.0487,9.8153,-0.4124,0.0093,-0.1430
17836458,-0.0767,-0.0507,9.8066,-0.4165,0.0837,-0.1605
17836625,-0.0807,-0.0534,9.7988,-0.4513,0.0216,-0.1984
17836791,-0.0853,-0.0479,9.8145,-0.4268,0.1031,-0.1255
17836958,-0.0770,-0.0456,9.8119,-0.4470,0.1151,-0.1435
17837125,-0.0895,-0.0672,9.8111,-0.4469,0.0376,-0.1756
17837291,-0.0831,-0.0456,9.8254,-0.4014,0.0739,-0.1526
17837458,-0.0727,-0.0603,9.8108,-0.4601,0.0618,-0.1447
17837625,-0.0879,-0.0630,9.8076,-0.4546,0.0722,-0.0516
17837791,-0.0840,-0.0385,9.8158,-0.4165,0.1166,-0.0923
17837958,-0.0649,-0.0591,9.8076,-0.4344,0.0843,-0.1858
17838125,-0.0835,-0.0317,9.8059,-0.4439,0.0883,-0.1918
17838291,-0.0699,-0.0562,9.8235,-0.4588,0.0110,-0.2005
17838458,-0.0940,-0.0473,9.7951,-0.4790,0.1124,-0.1335
17838625,-0.0855,-0.0454,9.8076,-0.4017,0.0881,-0.1491
17838791,-0.0735,-0.0444,9.8078,-0.3658,0.0453,-0.1576
17838958,-0.0738,-0.0503,9.8195,-0.4861,0.0133,-0.1264
17839125,-0.0919,-0.0541,9.8073,-0.4333,0.0634,-0.1251
17839291,-0.0734,-0.0391,9.8039,-0.3813,0.0185,-0.1139
17839458,-0.0798,-0.0512,9.8073,-0.4414,0.0651,-0.1869
17839625,-0.0777,-0.0459,9.8030,-0.4279,0.0973,-0.1453
17839791,-0.0822,-0.0429,9.8163,-0.4258,0.0781,-0.1670
17839958,-0.0821,-0.0534,9.8134,-0.4774,0.0564,-0.1312
17840125,-0.0784,-0.0463,9.7977,-0.4326,0.1050,-0.1159
17840291,-0.0766,-0.0500,9.8138,-0.4779,0.0208,-0.1515
17840458,-0.0897,-0.0351,9.8155,-0.3702,0.0500,-0.1508
17840625,-0.0754,-0.0389,9.8146,-0.4234,0.0742,-0.1409
17840791,-0.0723,-0.0541,9.8244,-0.3878,0.0042,-0.2107
17840958,-0.0773,-0.0613,9.8098,-0.4187,0.0087,-0.1634
17841125,-0.0834,-0.0530,9.8108,-0.4016,0.0954,-0.1889
17841291,-0.0686,-0.0503,9.8121,-0.3890,0.0755,-0.1587
17841458,-0.0753,-0.0405,9.8030,-0.4759,0.0816,-0.1373
17841625,-0.0935,-0.0550,9.7974,-0.4665,0.0376,-0.1707
17841791,-0.0806,-0.0491,9.7983,-0.3918,0.0815,-0.1525
17841958,-0.0762,-0.0599,9.8173,-0.3332,0.0686,-0.1395
17842125,-0.0865,-0.0470,9.8208,-0.4195,0.0726,-0.1476
17842291,-0.0867,-0.0372,9.8008,-0.4313,0.0397,-0.1102
17842458,-0.0674,-0.0410,9.8046,-0.4097,0.0978,-0.1967
17842625,-0.0817,-0.0597,9.8069,-0.4312,0.0565,-0.0862
17842791,-0.0876,-0.0394,9.8150,-0.4083,0.1355,-0.0860
17842958,-0.0775,-0.0522,9.7943,-0.4864,0.0962,-0.1248
17843125,-0.0886,-0.0491,9.8183,-0.5844,0.0412,-0.1794
17843291,-0.0777,-0.0598,9.8170,-0.4730,0.0627,-0.1372
17843458,-0.0622,-0.0583,9.8099,-0.4393,0.0725,-0.2107
17843625,-0.0878,-0.0463,9.8020,-0.4965,0.0597,-0.1930
17843791,-0.0769,-0.0506,9.8015,-0.5304,0.0969,-0.2328
17843958,-0.0776,-0.0484,9.8041,-0.4590,0.0821,-0.1639
17844125,-0.0749,-0.0498,9.8085,-0.4158,0.0863,-0.1847
17844291,-0.0817,-0.0527,9.8017,-0.3879,0.0746,-0.1254
17844458,-0.0737,-0.0512,9.7996,-0.5036,0.0540,-0.1261
17844625,-0.0768,-0.0479,9.8131,-0.4017,0.0779,-0.1596
17844791,-0.0943,-0.0439,9.8163,-0.4134,0.0467,-0.1338
17844958,-0.0718,-0.0572,9.8140,-0.4391,0.0519,-0.1411
17845125,-0.0666,-0.0396,9.8035,-0.3952,0.0780,-0.0958
17845291,-0.0738,-0.0504,9.8049,-0.4065,0.1028,-0.1061
17845458,-0.0764,-0.0378,9.7920,-0.4573,0.0088,-0.1691
17845625,-0.0818,-0.0438,9.8076,-0.4058,0.1136,-0.1298
17845791,-0.0910,-0.0406,9.8022,-0.4209,0.0590,-0.1601
17845958,-0.0722,-0.0517,9.8153,-0.3806,0.0997,-0.1633
17846125,-0.0834,-0.0512,9.8092,-0.3695,0.0874,-0.1968
17846291,-0.0826,-0.0538,9.8039,-0.4097,0.0527,-0.1773
17846458,-0.0740,-0.0508,9.8113,-0.4569,0.0911,-0.1518
17846625,-0.0799,-0.0445,9.8065,-0.4160,0.0002,-0.2321
17846791,-0.0856,-0.0478,9.8192,-0.4429,0.0068,-0.1884
17846958,-0.0743,-0.0444,9.7997,-0.5106,0.1096,-0.1659
17847125,-0.0825,-0.0508,9.8005,-0.3707,0.0502,-0.1395
17847291,-0.0776,-0.0453,9.8049,-0.4691,0.0597,-0.1298
17847458,-0.0901,-0.0536,9.8322,-0.4841,0.0611,-0.1807
17847625,-0.0855,-0.0436,9.8141,-0.4809,0.0420,-0.1203
17847791,-0.0707,-0.0514,9.8137,-0.3843,0.0763,-0.1116
17847958,-0.0655,-0.0549,9.8091,-0.4438,-0.0238,-0.1024
17848125,-0.0673,-0.0613,9.8122,-0.4459,0.0848,-0.1520
17848291,-0.0865,-0.0392,9.7968,-0.3680,0.0470,-0.0350
17848458,-0.0674,-0.0604,9.8107,-0.3799,0.0664,-0.1785
17848625,-0.0827,-0.0507,9.8125,-0.4155,0.0080,-0.1949
17848792,-0.0732,-0.0437,9.8084,-0.4587,0.0446,-0.0994
17848958,-0.0664,-0.0511,9.7954,-0.4312,0.0498,-0.1841
17849125,-0.0859,-0.0594,9.7994,-0.4491,0.1341,-0.2065
17849292,-0.0700,-0.0628,9.8109,-0.4552,0.0592,-0.1260
17849458,-0.0751,-0.0427,9.8052,-0.4846,0.1029,-0.1276
17849625,-0.0783,-0.0528,9.8069,-0.3770,0.0380,-0.1054
17849792,-0.0879,-0.0428,9.8012,-0.4607,0.1133,-0.1420
17849958,-0.0818,-0.0557,9.8081,-0.4334,0.0802,-0.1313
17850125,-0.0833,-0.0503,9.8024,-0.5015,0.0573,-0.1285
17850292,-0.0826,-0.0451,9.8167,-0.4373,-0.0062,-0.1529
17850458,-0.0844,-0.0582,9.8096,-0.4513,0.0296,-0.1232
17850625,-0.0673,-0.0600,9.8060,-0.4406,0.0691,-0.1955
17850792,-0.0691,-0.0550,9.8004,-0.4265,0.1003,-0.1249
17850958,-0.0708,-0.0546,9.8171,-0.4320,0.0858,-0.1472
17851125,-0.0823,-0.0560,9.8026,-0.4021,0.0771,-0.1757
17851292,-0.0829,-0.0589,9.8125,-0.3549,0.0623,-0.1024
17851458,-0.0795,-0.0450,9.8022,-0.5094,0.0092,-0.1900
17851625,-0.0707,-0.0605,9.8081,-0.4145,0.0674,-0.0882
17851792,-0.0735,-0.0498,9.8011,-0.4117,0.0825,-0.1964
17851958,-0.0774,-0.0421,9.8155,-0.4368,0.0999,-0.1509
17852125,-0.0770,-0.0562,9.8053,-0.5012,0.0567,-0.1587
17852292,-0.0764,-0.0499,9.8056,-0.4352,0.0336,-0.1302
17852458,-0.0721,-0.0589,9.7963,-0.4710,0.0173,-0.2356
17852625,-0.0803,-0.0517,9.8056,-0.4613,0.0626,-0.1107
17852792,-0.0897,-0.0578,9.8135,-0.4895,0.0918,-0.1114
17852958,-0.0811,-0.0432,9.8045,-0.4229,0.0387,-0.1213
17853125,-0.0825,-0.0487,9.8162,-0.4321,0.0425,-0.1732
17853292,-0.0914,-0.0492,9.8118,-0.4625,0.0281,-0.1277
17853458,-0.0898,-0.0415,9.8081,-0.4553,-0.0035,-0.2118
17853625,-0.0798,-0.0542,9.8097,-0.4364,-0.0262,-0.1604
17853792,-0.0818,-0.0557,9.8186,-0.3953,0.0314,-0.1769
17853958,-0.0715,-0.0579,9.8102,-0.4579,0.0543,-0.1618
17854125,-0.0866,-0.0513,9.8056,-0.3921,0.0954,-0.1692
17854292,-0.0825,-0.0462,9.8005,-0.3600,-0.0521,-0.1693
17854458,-0.0755,-0.0445,9.8145,-0.4576,0.1066,-0.1466
17854625,-0.0737,-0.0546,9.7939,-0.3997,0.0949,-0.1103
17854792,-0.0800,-0.0394,9.8106,-0.5621,0.0311,-0.1674
17854958,-0.0755,-0.0527,9.8064,-0.4541,0.0202,-0.0992
17855125,-0.0782,-0.0459,9.8110,-0.3648,0.1012,-0.1488
17855292,-0.0820,-0.0503,9.8021,-0.4696,0.0211,-0.1301
17855458,-0.0790,-0.0502,9.7983,-0.3807,0.0049,-0.1250
17855625,-0.0868,-0.0610,9.8047,-0.3763,0.0512,-0.0896
17855792,-0.0830,-0.0491,9.8024,-0.3545,0.0943,-0.1855
17855958,-0.0856,-0.0435,9.8033,-0.4388,0.0403,-0.1221
17856125,-0.0756,-0.0494,9.8109,-0.4077,0.0101,-0.1762
17856292,-0.0728,-0.0494,9.8004,-0.4257,0.0444,-0.1755
17856458,-0.0771,-0.0460,9.8129,-0.4113,0.0521,-0.2144
17856625,-0.0660,-0.0391,9.8096,-0.4602,0.0700,-0.2157
17856792,-0.0680,-0.0494,9.8059,-0.4671,0.0772,-0.0846
17856958,-0.0766,-0.0457,9.8092,-0.4062,0.0989,-0.1079
17857125,-0.0919,-0.0591,9.8149,-0.4727,0.0437,-0.1307
17857292,-0.0883,-0.0487,9.8227,-0.4498,0.0802,-0.1461
17857458,-0.0901,-0.0323,9.8030,-0.4498,0.1025,-0.1626
17857625,-0.0725,-0.0606,9.8163,-0.3992,0.1389,-0.2258
17857792,-0.0793,-0.0580,9.7928,-0.4057,0.0684,-0.0985
17857958,-0.0790,-0.0416,9.8156,-0.4169,0.0430,-0.1478
17858125,-0.0792,-0.0485,9.7954,-0.4256,0.0106,-0.1967
17858292,-0.0817,-0.0477,9.8069,-0.4209,0.0587,-0.2105
17858458,-0.0717,-0.0440,9.8069,-0.4162,0.0756,-0.1419
17858625,-0.0813,-0.0695,9.8121,-0.4118,0.1134,-0.1418
17858792,-0.0774,-0.0457,9.8099,-0.4748,0.0903,-0.0806
17858958,-0.0860,-0.0419,9.8051,-0.5132,0.0592,-0.1212
17859125,-0.0862,-0.0494,9.8137,-0.4265,0.0350,-0.2180
17859292,-0.0850,-0.0382,9.8068,-0.4416,0.1124,-0.2044
17859458,-0.0747,-0.0433,9.8149,-0.4399,0.0890,-0.1807
17859625,-0.0718,-0.0495,9.8136,-0.3860,0.0136,-0.1417
17859792,-0.0662,-0.0522,9.8126,-0.4343,0.0975,-0.1707
17859958,-0.0870,-0.0434,9.8020,-0.4719,0.1271,-0.1751
17860125,-0.0689,-0.0384,9.7931,-0.3827,0.0371,-0.2209
17860292,-0.0857,-0.0438,9.8120,-0.4321,0.0069,-0.1075
17860458,-0.0734,-0.0699,9.7915,-0.4357,0.0581,-0.1152
17860625,-0.0697,-0.0655,9.8143,-0.3790,0.0543,-0.1503
17860792,-0.0795,-0.0456,9.7971,-0.3847,0.0957,-0.1741
17860958,-0.0687,-0.0523,9.8082,-0.4494,0.0507,-0.1393
17861125,-0.0847,-0.0586,9.8049,-0.5065,0.0252,-0.1182
17861292,-0.0749,-0.0531,9.8113,-0.4048,0.0695,-0.1237
17861458,-0.0943,-0.0344,9.8050,-0.3800,-0.0258,-0.1719
17861625,-0.0650,-0.0543,9.8096,-0.3540,0.0010,-0.1640
17861792,-0.0786,-0.0568,9.7988,-0.4386,0.0370,-0.1396
17861958,-0.0898,-0.0394,9.8099,-0.5081,0.0532,-0.2318
17862125,-0.0835,-0.0517,9.8114,-0.4728,0.0391,-0.0929
17862292,-0.0770,-0.0472,9.8049,-0.5093,0.0667,-0.1828
17862458,-0.0943,-0.0368,9.8196,-0.4224,0.0999,-0.1483
17862625,-0.0827,-0.0567,9.8148,-0.4775,0.1182,-0.1466
17862792,-0.0748,-0.0248,9.7996,-0.4271,0.0451,-0.1266
17862958,-0.0737,-0.0586,9.8099,-0.4284,0.0393,-0.1632
17863125,-0.0689,-0.0453,9.8127,-0.4330,0.0614,-0.1431
17863292,-0.0913,-0.0447,9.7985,-0.4376,-0.0022,-0.1798
17863458,-0.0852,-0.0483,9.7939,-0.3791,0.0279,-0.2427
17863625,-0.0880,-0.0586,9.7972,-0.3817,0.0876,-0.0635
17863792,-0.0763,-0.0515,9.8030,-0.4028,0.0709,-0.1012
17863958,-0.0808,-0.0438,9.8117,-0.4505,0.0843,-0.1546
17864125,-0.0822,-0.0559,9.7992,-0.4423,0.0909,-0.1857
17864292,-0.0837,-0.0511,9.8302,-0.5103,0.0364,-0.1811
17864458,-0.0809,-0.0448,9.8079,-0.4618,0.0205,-0.1535
17864625,-0.0808,-0.0466,9.7966,-0.3991,0.0545,-0.1450
17864792,-0.0783,-0.0545,9.7950,-0.4019,0.1264,-0.1054
17864958,-0.0886,-0.0492,9.8096,-0.3635,0.0893,-0.0841
17865125,-0.0718,-0.0408,9.8130,-0.4580,0.0933,-0.1221
17865292,-0.0645,-0.0478,9.7990,-0.4402,0.0387,-0.1395
17865459,-0.0909,-0.0371,9.8207,-0.4239,0.1289,-0.1571
17865625,-0.0744,-0.0386,9.8199,-0.4605,0.0184,-0.0899
17865792,-0.0825,-0.0629,9.8041,-0.4168,0.1013,-0.1203
17865959,-0.0744,-0.0469,9.8137,-0.4992,0.0132,-0.1248
17866125,-0.0708,-0.0538,9.8085,-0.4379,0.0449,-0.1148
17866292,-0.0856,-0.0387,9.8004,-0.4311,0.0213,-0.1117
17866459,-0.0780,-0.0433,9.8005,-0.4258,0.1161,-0.1384
17866625,-0.0800,-0.0501,9.8114,-0.5241,0.0438,-0.1485
17866792,-0.0708,-0.0509,9.7878,-0.4395,0.1075,-0.1785
17866959,-0.0778,-0.0428,9.8073,-0.4484,0.0833,-0.1068
17867125,-0.0831,-0.0441,9.8186,-0.3891,0.0589,-0.1725
17867292,-0.0739,-0.0474,9.7960,-0.4361,0.1255,-0.1465
17867459,-0.0930,-0.0408,9.8116,-0.4401,0.0779,-0.1132
17867625,-0.0747,-0.0368,9.7949,-0.4417,0.0422,-0.1894
17867792,-0.0738,-0.0595,9.8082,-0.4058,0.0834,-0.1469
17867959,-0.0807,-0.0346,9.8052,-0.3888,0.0937,-0.1182
17868125,-0.0788,-0.0471,9.8161,-0.4228,0.1092,-0.1723
17868292,-0.0841,-0.0471,9.8142,-0.4332,0.0276,-0.1366
17868459,-0.0770,-0.0645,9.8146,-0.4600,0.0102,-0.1939
17868625,-0.0692,-0.0513,9.7950,-0.3946,0.0426,-0.1503
17868792,-0.0613,-0.0558,9.8150,-0.3997,0.0760,-0.1712
17868959,-0.0711,-0.0360,9.8126,-0.4089,0.0487,-0.1519
17869125,-0.0892,-0.0598,9.8066,-0.4163,0.0446,-0.1557
17869292,-0.0809,-0.0475,9.7982,-0.3784,0.0580,-0.1367
17869459,-0.0776,-0.0493,9.8104,-0.3869,0.0663,-0.1753
17869625,-0.0829,-0.0587,9.8167,-0.4009,0.0793,-0.0932
17869792,-0.0873,-0.0495,9.8052,-0.4179,0.1295,-0.0912
17869959,-0.0874,-0.0468,9.8077,-0.4769,0.0953,-0.1266
17870125,-0.0762,-0.0472,9.8156,-0.4436,0.0093,-0.1827
17870292,-0.0724,-0.0475,9.8010,-0.4239,0.0275,-0.1100
17870459,-0.0771,-0.0504,9.8104,-0.4511,0.0707,-0.1285
17870625,-0.0883,-0.0483,9.8082,-0.4693,0.0368,-0.1933
17870792,-0.0767,-0.0555,9.8160,-0.4253,0.0705,-0.1436
17870959,-0.0648,-0.0473,9.8091,-0.4458,0.0054,-0.1253
17871125,-0.0803,-0.0576,9.8116,-0.4836,-0.0023,-0.1374
17871292,-0.0760,-0.0534,9.8046,-0.4150,0.0971,-0.1161
17871459,-0.0730,-0.0477,9.8142,-0.4377,0.0587,-0.1679
17871625,-0.0789,-0.0542,9.8140,-0.4188,0.1471,-0.1085
17871792,-0.0793,-0.0500,9.7999,-0.4346,0.0512,-0.1672
17871959,-0.0906,-0.0472,9.8138,-0.4417,0.0560,-0.1599
17872125,-0.0655,-0.0457,9.8199,-0.4991,0.1068,-0.1710
17872292,-0.0755,-0.0372,9.7910,-0.3913,0.0445,-0.1138
17872459,-0.0822,-0.0524,9.8168,-0.5054,-0.0023,-0.1669
17872625,-0.0871,-0.0479,9.8048,-0.5256,0.0827,-0.0976
17872792,-0.0909,-0.0546,9.8145,-0.4725,0.0015,-0.1182
17872959,-0.0700,-0.0526,9.7828,-0.4275,0.1276,-0.1038
17873125,-0.0781,-0.0429,9.8114,-0.4695,0.1026,-0.1377
17873292,-0.0744,-0.0566,9.7965,-0.4073,0.0865,-0.1816
17873459,-0.0637,-0.0625,9.8075,-0.3921,0.0474,-0.1815
17873625,-0.0844,-0.0634,9.7978,-0.4841,0.0336,-0.1382
17873792,-0.0792,-0.0478,9.8147,-0.4082,0.0417,-0.1478
17873959,-0.0835,-0.0536,9.7991,-0.4300,0.0381,-0.1333
17874125,-0.0791,-0.0509,9.8068,-0.4391,0.0929,-0.0778
17874292,-0.0800,-0.0576,9.8155,-0.4380,0.1050,-0.1135
17874459,-0.0736,-0.0450,9.8064,-0.4351,0.0447,-0.1679
17874625,-0.0804,-0.0496,9.7979,-0.3926,0.0808,-0.1623
17874792,-0.0721,-0.0547,9.8220,-0.4119,0.0192,-0.0872
17874959,-0.0755,-0.0634,9.8098,-0.5034,0.0795,-0.1077
17875125,-0.0744,-0.0703,9.8084,-0.3941,0.0459,-0.1466
17875292,-0.0863,-0.0533,9.7969,-0.4575,0.1106,-0.1205
17875459,-0.0754,-0.0529,9.7894,-0.5504,0.0193,-0.1693
17875625,-0.0813,-0.0424,9.8231,-0.4470,0.0603,-0.0994
17875792,-0.0865,-0.0588,9.8142,-0.4536,-0.0084,-0.1662
17875959,-0.0801,-0.0493,9.8104,-0.4401,-0.0016,-0.1256
17876125,-0.0756,-0.0567,9.8124,-0.5237,0.0502,-0.1781
17876292,-0.0850,-0.0468,9.8060,-0.3798,0.1282,-0.0856
17876459,-0.0887,-0.0489,9.8115,-0.4181,0.0924,-0.1424
17876625,-0.0724,-0.0417,9.8083,-0.4073,-0.0355,-0.1568
17876792,-0.0758,-0.0391,9.8256,-0.3559,0.0380,-0.1257
17876959,-0.0780,-0.0508,9.8042,-0.4600,0.0213,-0.1820
17877125,-0.0741,-0.0496,9.8073,-0.3928,0.0534,-0.1637
17877292,-0.0807,-0.0536,9.7971,-0.3858,0.0362,-0.0783
17877459,-0.0878,-0.0577,9.8106,-0.3788,0.0410,-0.1820
17877625,-0.0788,-0.0430,9.8021,-0.4659,0.1001,-0.1030
17877792,-0.0850,-0.0491,9.8162,-0.4136,0.0398,-0.1169
17877959,-0.0889,-0.0452,9.8040,-0.4181,0.0712,-0.1191
17878125,-0.0763,-0.0614,9.8015,-0.4370,0.1016,-0.1517
17878292,-0.0884,-0.0412,9.8076,-0.4237,0.0813,-0.1916
17878459,-0.0713,-0.0494,9.8126,-0.3605,0.0762,-0.0937
17878625,-0.0918,-0.0633,9.8086,-0.4430,0.1014,-0.1766
17878792,-0.0761,-0.0518,9.8069,-0.4399,-0.0344,-0.2128
17878959,-0.0789,-0.0601,9.8002,-0.4122,0.0929,-0.0777
17879125,-0.0667,-0.0424,9.8196,-0.3980,0.0758,-0.1814
17879292,-0.0869,-0.0514,9.8162,-0.4151,0.0733,-0.1950
17879459,-0.0792,-0.0419,9.8094,-0.4480,0.0397,-0.1759
17879625,-0.0876,-0.0440,9.8195,-0.4683,0.0282,-0.1695
17879792,-0.0761,-0.0521,9.8131,-0.4710,0.0558,-0.1130
17879959,-0.0886,-0.0467,9.7979,-0.4591,0.0511,-0.1132
17880125,-0.0855,-0.0399,9.8088,-0.3049,0.0879,-0.1265
17880292,-0.0715,-0.0521,9.8118,-0.4010,0.0892,-0.1090
17880459,-0.0781,-0.0383,9.8108,-0.5044,0.0326,-0.1797
17880625,-0.0858,-0.0425,9.8172,-0.3986,0.0183,-0.1237
17880792,-0.0850,-0.0633,9.8049,-0.4917,0.0274,-0.2040
17880959,-0.0735,-0.0447,9.8116,-0.3913,0.0808,-0.1702
17881125,-0.0716,-0.0451,9.8134,-0.4083,0.0869,-0.1294
17881292,-0.0800,-0.0654,9.8183,-0.4424,0.0989,-0.0937
17881459,-0.0853,-0.0475,9.8317,-0.3986,0.0050,-0.1508
17881625,-0.0607,-0.0455,9.8091,-0.4856,0.1270,-0.2042
17881792,-0.0874,-0.0473,9.8134,-0.4704,0.1129,-0.1810
17881959,-0.0771,-0.0379,9.7992,-0.3845,0.0933,-0.1585
17882126,-0.0754,-0.0560,9.8090,-0.4612,0.0893,-0.1945
17882292,-0.0889,-0.0513,9.8092,-0.3740,0.0851,-0.1117
17882459,-0.0791,-0.0506,9.8045,-0.3825,0.0688,-0.1826
17882626,-0.0733,-0.0542,9.7995,-0.4789,0.0207,-0.1735
17882792,-0.0799,-0.0398,9.8033,-0.4148,0.0494,-0.1639
17882959,-0.0759,-0.0591,9.8014,-0.4140,0.0917,-0.1268
17883126,-0.0612,-0.0550,9.7974,-0.3690,0.1006,-0.1968
17883292,-0.0900,-0.0492,9.7948,-0.4185,0.0523,-0.1362
17883459,-0.0849,-0.0520,9.8101,-0.3750,0.0737,-0.1882
17883626,-0.0823,-0.0379,9.8202,-0.4043,0.1064,-0.1567
17883792,-0.0799,-0.0479,9.8061,-0.4714,0.0498,-0.2307
17883959,-0.0746,-0.0522,9.8185,-0.4650,0.0434,-0.0978
17884126,-0.0827,-0.0441,9.8008,-0.4987,0.1091,-0.1403
17884292,-0.0906,-0.0350,9.8106,-0.4089,0.1108,-0.1175
17884459,-0.0762,-0.0490,9.8066,-0.4924,0.0667,-0.2318
17884626,-0.0805,-0.0423,9.8095,-0.4210,0.1251,-0.1513
17884792,-0.0880,-0.0569,9.8213,-0.4825,0.0364,-0.2197
17884959,-0.0804,-0.0497,9.8122,-0.4362,0.0238,-0.1688
17885126,-0.0865,-0.0352,9.8107,-0.4512,0.0303,-0.0867
17885292,-0.0835,-0.0392,9.8072,-0.4935,0.0894,-0.1386
17885459,-0.0745,-0.0472,9.7954,-0.3334,0.0310,-0.1740
17885626,-0.0850,-0.0407,9.8116,-0.4704,0.0752,-0.1869
17885792,-0.0766,-0.0415,9.8045,-0.5237,0.1000,-0.1876
17885959,-0.0841,-0.0386,9.8146,-0.4753,0.0639,-0.1507
17886126,-0.0787,-0.0452,9.8084,-0.4105,-0.0514,-0.0839
17886292,-0.0996,-0.0331,9.8219,-0.4027,-0.0037,-0.1115
17886459,-0.0735,-0.0473,9.8018,-0.4147,0.0254,-0.1945
17886626,-0.0773,-0.0527,9.8112,-0.4230,0.0427,-0.1130
17886792,-0.0784,-0.0501,9.8101,-0.4750,0.0481,-0.1317
17886959,-0.0834,-0.0526,9.8038,-0.4158,0.1211,-0.1054
17887126,-0.0942,-0.0523,9.8033,-0.3855,0.0306,-0.2499
17887292,-0.0763,-0.0551,9.8110,-0.4297,0.0189,-0.0605
17887459,-0.0882,-0.0513,9.8234,-0.4033,0.0345,-0.0951
17887626,-0.0846,-0.0512,9.7967,-0.4062,0.1424,-0.1095
17887792,-0.0895,-0.0378,9.7932,-0.4209,0.0955,-0.1847
17887959,-0.0627,-0.0427,9.8124,-0.4262,0.0885,-0.1682
17888126,-0.0703,-0.0505,9.8089,-0.4377,0.0358,-0.1418
17888292,-0.0699,-0.0616,9.8073,-0.4545,0.0754,-0.1756
17888459,-0.0817,-0.0397,9.8218,-0.4758,0.0344,-0.1695
17888626,-0.0718,-0.0555,9.8022,-0.3911,0.0161,-0.1803
17888792,-0.0839,-0.0526,9.8090,-0.3686,0.0527,-0.1587
17888959,-0.0754,-0.0413,9.8078,-0.4508,0.0990,-0.1605
17889126,-0.0803,-0.0461,9.8087,-0.4413,0.0997,-0.1350
17889292,-0.0776,-0.0593,9.8091,-0.3894,0.1376,-0.1989
17889459,-0.0764,-0.0383,9.7992,-0.4049,0.1411,-0.1793
17889626,-0.0884,-0.0402,9.8023,-0.3969,0.0900,-0.0626
17889792,-0.0801,-0.0451,9.8097,-0.4851,0.0732,-0.1242
17889959,-0.0754,-0.0581,9.7934,-0.4215,0.0405,-0.1496
17890126,-0.0811,-0.0473,9.8128,-0.4543,0.0378,-0.1607
17890292,-0.0892,-0.0426,9.7912,-0.3725,0.1139,-0.1132
17890459,-0.0798,-0.0448,9.8058,-0.4865,0.0658,-0.1680
17890626,-0.0778,-0.0511,9.8142,-0.4088,0.1297,-0.1375
17890792,-0.0815,-0.0407,9.8157,-0.4609,0.0153,-0.1997
17890959,-0.0879,-0.0437,9.7987,-0.4025,0.0775,-0.1846
17891126,-0.0945,-0.0447,9.8159,-0.4590,0.0858,-0.1734
17891292,-0.0822,-0.0523,9.8046,-0.4570,0.0690,-0.1293
17891459,-0.0848,-0.0514,9.8126,-0.4384,0.0447,-0.1139
17891626,-0.0779,-0.0463,9.8072,-0.3834,0.0117,-0.0977
17891792,-0.0834,-0.0421,9.8061,-0.3898,0.0823,-0.0969
17891959,-0.0837,-0.0568,9.8104,-0.4853,0.0479,-0.1067
17892126,-0.0814,-0.0432,9.8089,-0.3863,0.0060,-0.0667
17892292,-0.0774,-0.0573,9.8139,-0.4893,0.1098,-0.1314
17892459,-0.0828,-0.0532,9.8032,-0.4409,0.0881,-0.1694
17892626,-0.0938,-0.0515,9.8129,-0.4832,0.0786,-0.1800
17892792,-0.0639,-0.0480,9.8075,-0.4854,0.1212,-0.1925
17892959,-0.0807,-0.0419,9.7969,-0.4698,0.0681,-0.1555
17893126,-0.0739,-0.0493,9.8044,-0.4074,0.1741,-0.1650
17893292,-0.0822,-0.0431,9.8000,-0.3908,0.0798,-0.0846
17893459,-0.0850,-0.0385,9.8161,-0.4231,0.0837,-0.1732
17893626,-0.0724,-0.0517,9.8025,-0.4415,0.0219,-0.1130
17893792,-0.0751,-0.0474,9.7908,-0.3954,0.0330,-0.1326
17893959,-0.0903,-0.0443,9.8140,-0.3817,0.0850,-0.1595
17894126,-0.0927,-0.0464,9.8066,-0.4723,0.0742,-0.1258
17894292,-0.0854,-0.0471,9.8064,-0.5088,0.1373,-0.1622
17894459,-0.0703,-0.0559,9.8096,-0.4546,0.0382,-0.1608
17894626,-0.0791,-0.0554,9.8097,-0.4712,0.1319,-0.1598
17894792,-0.0761,-0.0508,9.8170,-0.5202,0.0017,-0.1694
17894959,-0.0779,-0.0625,9.7956,-0.4284,0.0780,-0.1182
17895126,-0.0614,-0.0479,9.8010,-0.3965,0.1277,-0.0685
17895292,-0.0732,-0.0518,9.8115,-0.3351,0.1220,-0.1469
17895459,-0.0841,-0.0570,9.8173,-0.4352,0.1184,-0.0595
17895626,-0.0699,-0.0467,9.8118,-0.4388,0.0533,-0.1752
17895792,-0.0781,-0.0559,9.8035,-0.4272,0.0613,-0.1803
17895959,-0.0876,-0.0408,9.8117,-0.4279,0.0498,-0.1666
17896126,-0.0958,-0.0464,9.8011,-0.4238,-0.0097,-0.1116
17896292,-0.0861,-0.0510,9.8063,-0.4441,0.0280,-0.1731
17896459,-0.0718,-0.0449,9.8023,-0.3774,0.0809,-0.1221
17896626,-0.0775,-0.0487,9.8059,-0.4045,0.1390,-0.1376
17896792,-0.0651,-0.0429,9.8058,-0.4223,0.0970,-0.1799
17896959,-0.0811,-0.0540,9.8074,-0.4409,0.0269,-0.0903
17897126,-0.0632,-0.0524,9.8082,-0.4496,0.0909,-0.1922
17897292,-0.0844,-0.0611,9.8156,-0.4526,0.0527,-0.1489
17897459,-0.0774,-0.0469,9.8110,-0.4659,0.0741,-0.1618
17897626,-0.0721,-0.0409,9.7990,-0.4637,0.0175,-0.1027
17897792,-0.0680,-0.0497,9.8089,-0.4089,0.0530,-0.1422
17897959,-0.0752,-0.0538,9.8180,-0.4363,0.0371,-0.1554
17898126,-0.0875,-0.0442,9.8063,-0.4233,0.0425,-0.1818
17898292,-0.0878,-0.0642,9.8014,-0.5076,0.0766,-0.2010
17898459,-0.0926,-0.0478,9.7971,-0.4236,0.0710,-0.1716
17898626,-0.0886,-0.0493,9.7995,-0.4613,0.0339,-0.1750
17898793,-0.0863,-0.0537,9.8011,-0.4062,0.1316,-0.1187
17898959,-0.0802,-0.0420,9.8105,-0.4397,0.0635,-0.1754
17899126,-0.0879,-0.0431,9.8053,-0.5201,0.0269,-0.0885
17899293,-0.0897,-0.0516,9.8046,-0.5140,0.0156,-0.1553
17899459,-0.0757,-0.0533,9.8161,-0.4591,0.0553,-0.1956
17899626,-0.0807,-0.0613,9.7948,-0.3602,0.0700,-0.1189
17899793,-0.0696,-0.0482,9.8042,-0.4150,0.0641,-0.1583
17899959,-0.0780,-0.0512,9.8101,-0.5050,0.0507,-0.1290
17900126,-0.0805,-0.0414,9.8128,-0.4649,0.0432,-0.0824
17900293,-0.0783,-0.0435,9.8022,-0.4223,0.0058,-0.1504
17900459,-0.0752,-0.0502,9.7939,-0.4280,0.0752,-0.1887
17900626,-0.0503,-0.0521,9.8206,-0.4603,0.0637,-0.2019
17900793,-0.0912,-0.0504,9.8080,-0.4205,0.0374,-0.1041
17900959,-0.0849,-0.0599,9.7945,-0.4808,0.0695,-0.2027
17901126,-0.0860,-0.0572,9.8114,-0.4270,0.0528,-0.1510
17901293,-0.0750,-0.0545,9.8051,-0.4836,0.0497,-0.1222
17901459,-0.0938,-0.0476,9.8007,-0.4408,0.0298,-0.1865
17901626,-0.0773,-0.0437,9.8059,-0.5053,0.0331,-0.1936
17901793,-0.0818,-0.0568,9.7864,-0.4353,0.0866,-0.1240
17901959,-0.0774,-0.0500,9.8091,-0.4431,0.1186,-0.1546
17902126,-0.0714,-0.0611,9.8173,-0.4802,0.0397,-0.0984
17902293,-0.0749,-0.0479,9.8306,-0.4781,0.0920,-0.1724
17902459,-0.0607,-0.0409,9.8216,-0.5186,0.0108,-0.1455
17902626,-0.0757,-0.0458,9.8058,-0.4694,0.0910,-0.1149
17902793,-0.0794,-0.0649,9.7995,-0.4218,0.0199,-0.1967
17902959,-0.0888,-0.0476,9.8081,-0.3367,0.0391,-0.1251
17903126,-0.0781,-0.0433,9.8103,-0.4674,0.0794,-0.1077
17903293,-0.0871,-0.0441,9.8036,-0.4304,0.0141,-0.1030
17903459,-0.0847,-0.0513,9.8190,-0.4269,0.0923,-0.1535
17903626,-0.0836,-0.0361,9.8072,-0.4083,0.0954,-0.1156
17903793,-0.0754,-0.0525,9.8108,-0.3528,0.0908,-0.2229
17903959,-0.0725,-0.0577,9.8158,-0.4681,0.0955,-0.0970
17904126,-0.0832,-0.0481,9.8182,-0.4469,0.0218,-0.1363
17904293,-0.0851,-0.0541,9.8151,-0.4423,0.0227,-0.1052
17904459,-0.0784,-0.0570,9.7984,-0.5066,0.0981,-0.1775
17904626,-0.0715,-0.0536,9.8205,-0.4016,0.0615,-0.1606
17904793,-0.0662,-0.0531,9.8010,-0.3896,0.0410,-0.1391
17904959,-0.0693,-0.0519,9.7970,-0.4556,0.0546,-0.1538
17905126,-0.0805,-0.0531,9.8154,-0.4674,0.0892,-0.1379
17905293,-0.0668,-0.0495,9.8028,-0.4944,0.0407,-0.1525
17905459,-0.0819,-0.0623,9.8085,-0.4241,0.0891,-0.1326
17905626,-0.0849,-0.0469,9.8219,-0.4000,0.0829,-0.1910
17905793,-0.0810,-0.0514,9.8045,-0.4472,0.0151,-0.1145
17905959,-0.0993,-0.0415,9.8086,-0.4211,0.0774,-0.1728
17906126,-0.0762,-0.0424,9.8115,-0.3582,0.0669,-0.1159
17906293,-0.0819,-0.0511,9.8116,-0.4789,0.0724,-0.1822
17906459,-0.0715,-0.0495,9.8212,-0.4184,0.0692,-0.1406
17906626,-0.0760,-0.0392,9.8095,-0.4568,0.0578,-0.1552
17906793,-0.0798,-0.0482,9.8031,-0.4174,0.0945,-0.1861
17906959,-0.0777,-0.0468,9.7904,-0.3884,0.0180,-0.1704
17907126,-0.0763,-0.0527,9.8126,-0.5178,0.1056,-0.2284
17907293,-0.0821,-0.0458,9.8127,-0.3756,0.0866,-0.1575
17907459,-0.0809,-0.0498,9.8008,-0.5230,0.0840,-0.1580
17907626,-0.0958,-0.0421,9.8067,-0.4744,0.0422,-0.1321
17907793,-0.0820,-0.0358,9.8046,-0.3526,0.0984,-0.1335
17907959,-0.0766,-0.0421,9.8013,-0.4830,0.0269,-0.1416
17908126,-0.0728,-0.0524,9.8080,-0.4223,0.0131,-0.1773
17908293,-0.0772,-0.0395,9.8192,-0.4515,0.1025,-0.1079
17908459,-0.0766,-0.0509,9.8079,-0.4058,0.1090,-0.1680
17908626,-0.0752,-0.0564,9.7996,-0.4148,0.0780,-0.0983
17908793,-0.0757,-0.0573,9.8062,-0.4278,0.0845,-0.1400
17908959,-0.0824,-0.0547,9.7945,-0.4404,0.1340,-0.1018
17909126,-0.0848,-0.0492,9.8029,-0.4141,0.0681,-0.1910
17909293,-0.0718,-0.0565,9.8166,-0.4231,0.1142,-0.1375
17909459,-0.0695,-0.0487,9.8019,-0.5250,0.0316,-0.1659
17909626,-0.0789,-0.0384,9.8021,-0.4317,0.0404,-0.1468
17909793,-0.0781,-0.0523,9.8087,-0.4501,0.0195,-0.1892
17909959,-0.0767,-0.0451,9.8121,-0.4772,-0.0111,-0.1817
17910126,-0.0857,-0.0531,9.8183,-0.4449,0.0693,-0.1952
17910293,-0.0791,-0.0575,9.7945,-0.4096,0.0786,-0.1509
17910459,-0.0863,-0.0440,9.8114,-0.4172,0.0835,-0.0894
17910626,-0.0825,-0.0593,9.8054,-0.4443,0.0090,-0.1673
17910793,-0.0776,-0.0534,9.8019,-0.4221,0.0990,-0.2136
17910959,-0.0817,-0.0455,9.8064,-0.4280,0.0167,-0.1811
17911126,-0.0769,-0.0391,9.8168,-0.4173,0.0251,-0.1232
17911293,-0.0697,-0.0513,9.8215,-0.4164,0.0385,-0.1453
17911459,-0.0838,-0.0503,9.8053,-0.4758,0.0496,-0.1415
17911626,-0.0758,-0.0627,9.8024,-0.4070,0.0379,-0.1545
17911793,-0.0821,-0.0476,9.8121,-0.4897,0.1018,-0.2030
17911959,-0.0698,-0.0447,9.8120,-0.3739,0.0649,-0.1654
17912126,-0.0793,-0.0479,9.8071,-0.4887,0.1175,-0.1053
17912293,-0.0800,-0.0419,9.8135,-0.4777,0.0672,-0.1491
17912459,-0.0842,-0.0432,9.8125,-0.4514,0.1557,-0.1793
17912626,-0.0829,-0.0565,9.8065,-0.4811,0.1138,-0.1760
17912793,-0.0887,-0.0562,9.8082,-0.4347,0.0392,-0.1623
17912959,-0.0927,-0.0537,9.8254,-0.4240,0.0699,-0.1867
17913126,-0.0814,-0.0622,9.8138,-0.3483,-0.0017,-0.1586
17913293,-0.0844,-0.0566,9.8064,-0.3729,0.0761,-0.1314
17913459,-0.0701,-0.0472,9.8117,-0.4054,0.0226,-0.1671
17913626,-0.0723,-0.0479,9.8128,-0.4194,0.0623,-0.1227
17913793,-0.0842,-0.0582,9.7955,-0.4100,0.0832,-0.2090
17913959,-0.0657,-0.0434,9.8075,-0.5080,0.0483,-0.1343
17914126,-0.0800,-0.0608,9.8101,-0.3433,0.0252,-0.1543
17914293,-0.0724,-0.0401,9.8016,-0.4938,0.0938,-0.1554
17914459,-0.0781,-0.0515,9.8075,-0.3653,0.0722,-0.1394
17914626,-0.0732,-0.0447,9.8124,-0.4288,0.0581,-0.1540
17914793,-0.0833,-0.0563,9.8280,-0.3873,0.0839,-0.1332
17914959,-0.0754,-0.0580,9.8124,-0.4115,0.0500,-0.1764
17915126,-0.0890,-0.0572,9.8115,-0.4609,0.0473,-0.1507
17915293,-0.0771,-0.0400,9.8080,-0.5002,0.0669,-0.1129
17915460,-0.0773,-0.0549,9.8043,-0.4504,0.0575,-0.1868
17915626,-0.0881,-0.0553,9.8106,-0.4404,0.0560,-0.1845
17915793,-0.0714,-0.0543,9.8126,-0.3859,0.1017,-0.0810
17915960,-0.0857,-0.0455,9.8160,-0.4567,0.0632,-0.1678
17916126,-0.0903,-0.0526,9.8123,-0.5033,0.1183,-0.1200
17916293,-0.0868,-0.0493,9.8044,-0.3907,0.1007,-0.1647
17916460,-0.0742,-0.0415,9.8031,-0.3806,0.0445,-0.0725
17916626,-0.0656,-0.0560,9.8077,-0.4334,0.0180,-0.1579
17916793,-0.0796,-0.0562,9.8099,-0.4446,0.0982,-0.1407
17916960,-0.0686,-0.0471,9.8167,-0.4183,0.0050,-0.1154
17917126,-0.0800,-0.0526,9.7928,-0.4292,0.0631,-0.1128
17917293,-0.0743,-0.0550,9.8176,-0.4936,0.0456,-0.1302
17917460,-0.0813,-0.0536,9.8061,-0.4909,0.0680,-0.1431
17917626,-0.0702,-0.0486,9.8245,-0.4758,0.1408,-0.0969
17917793,-0.0764,-0.0475,9.8056,-0.3893,0.0754,-0.0941
17917960,-0.0985,-0.0458,9.8037,-0.4688,0.0760,-0.1013
17918126,-0.0872,-0.0491,9.8242,-0.4192,0.0525,-0.1023
17918293,-0.0714,-0.0531,9.8137,-0.5063,0.0893,-0.1100
17918460,-0.0725,-0.0461,9.8261,-0.3753,0.0589,-0.1692
17918626,-0.0757,-0.0413,9.8124,-0.3678,0.0832,-0.1379
17918793,-0.0628,-0.0416,9.8100,-0.4727,-0.0093,-0.2315
17918960,-0.0781,-0.0457,9.7969,-0.3623,0.1087,-0.1202
17919126,-0.0657,-0.0520,9.8059,-0.3779,0.0597,-0.1428
17919293,-0.0823,-0.0527,9.8069,-0.4341,0.0685,-0.1557
17919460,-0.0783,-0.0665,9.7925,-0.4405,0.0421,-0.0964
17919626,-0.0760,-0.0517,9.7987,-0.4009,0.0528,-0.2370
17919793,-0.0680,-0.0567,9.8145,-0.4143,0.0643,-0.1343
17919960,-0.0675,-0.0437,9.8088,-0.4509,0.0541,-0.1964
17920126,-0.0827,-0.0573,9.8034,-0.3675,0.0718,-0.1269
17920293,-0.0806,-0.0544,9.7988,-0.4242,0.0957,-0.1091
17920460,-0.0770,-0.0563,9.8166,-0.3640,0.0612,-0.1274
17920626,-0.0791,-0.0455,9.8100,-0.4523,0.0505,-0.1002
17920793,-0.0930,-0.0446,9.8084,-0.4032,0.0699,-0.1659
17920960,-0.0844,-0.0490,9.8076,-0.4525,0.0617,-0.1230
17921126,-0.0849,-0.0448,9.8018,-0.3218,0.0349,-0.1420
17921293,-0.0776,-0.0509,9.8162,-0.4270,0.0490,-0.1704
17921460,-0.0827,-0.0501,9.8075,-0.4731,0.0732,-0.1042
17921626,-0.0809,-0.0440,9.8022,-0.3916,0.0440,-0.1105
17921793,-0.0776,-0.0519,9.8111,-0.3240,0.0948,-0.1344
17921960,-0.0829,-0.0483,9.8068,-0.4406,0.1057,-0.1170
17922126,-0.0724,-0.0592,9.8173,-0.3790,0.0393,-0.1552
17922293,-0.0829,-0.0564,9.8029,-0.3803,0.0814,-0.1239
17922460,-0.0911,-0.0445,9.8246,-0.4483,0.0330,-0.1102
17922626,-0.0814,-0.0450,9.7964,-0.4562,0.0512,-0.1586
17922793,-0.0836,-0.0509,9.8090,-0.4575,0.1032,-0.1025
17922960,-0.0847,-0.0600,9.8099,-0.4404,0.0494,-0.2056
17923126,-0.0802,-0.0434,9.7993,-0.3875,0.0377,-0.1007
17923293,-0.0753,-0.0478,9.8044,-0.4667,0.0433,-0.1609
17923460,-0.0774,-0.0454,9.8013,-0.4556,0.0419,-0.1519
17923626,-0.0879,-0.0437,9.8051,-0.4120,0.0789,-0.1885
17923793,-0.0714,-0.0522,9.8067,-0.4563,0.1208,-0.1142
17923960,-0.0766,-0.0411,9.8106,-0.3976,0.0644,-0.1581
17924126,-0.0797,-0.0488,9.8006,-0.4472,0.0575,-0.1269
17924293,-0.0858,-0.0475,9.8048,-0.4775,0.0424,-0.1948
17924460,-0.0829,-0.0470,9.8047,-0.4002,0.0804,-0.1316
17924626,-0.0864,-0.0441,9.8023,-0.4555,0.0689,-0.2210
17924793,-0.0729,-0.0516,9.8029,-0.4431,0.0155,-0.1709
17924960,-0.0859,-0.0604,9.8115,-0.4508,0.0513,-0.1846
17925126,-0.0875,-0.0417,9.8018,-0.4705,0.0181,-0.1364
17925293,-0.0914,-0.0365,9.7931,-0.4341,0.0835,-0.1630
17925460,-0.0844,-0.0397,9.8059,-0.4328,0.0900,-0.1832
17925626,-0.0866,-0.0471,9.8074,-0.4524,0.0212,-0.1649
17925793,-0.0792,-0.0501,9.8173,-0.4384,0.0517,-0.1066
17925960,-0.1015,-0.0509,9.7969,-0.4594,0.0334,-0.1294
17926126,-0.0798,-0.0478,9.7997,-0.4995,0.0394,-0.1114
17926293,-0.0813,-0.0491,9.8139,-0.4889,0.1000,-0.1159
17926460,-0.0785,-0.0550,9.8095,-0.4791,0.0357,-0.1587
17926626,-0.0963,-0.0461,9.8069,-0.4181,0.0071,-0.1692
17926793,-0.0864,-0.0490,9.8064,-0.4210,0.0788,-0.1893
17926960,-0.0734,-0.0415,9.8098,-0.3496,0.0879,-0.1159
17927126,-0.0745,-0.0470,9.8036,-0.4614,-0.0267,-0.1191
17927293,-0.0796,-0.0567,9.8035,-0.4619,0.0105,-0.0587
17927460,-0.0754,-0.0536,9.8052,-0.4748,0.0368,-0.0672
17927626,-0.0778,-0.0420,9.8139,-0.3822,0.0587,-0.1553
17927793,-0.0802,-0.0462,9.8035,-0.4294,0.1144,-0.2124
17927960,-0.0793,-0.0440,9.8107,-0.4648,0.0525,-0.1684
17928126,-0.0922,-0.0370,9.8178,-0.4513,0.0725,-0.1877
17928293,-0.0781,-0.0541,9.8118,-0.4273,0.0416,-0.1012
17928460,-0.0878,-0.0570,9.8157,-0.4347,0.0670,-0.1087
17928626,-0.0883,-0.0410,9.8037,-0.4951,0.0699,-0.2213
17928793,-0.0694,-0.0388,9.8093,-0.3939,0.0505,-0.1506
17928960,-0.0773,-0.0478,9.8028,-0.4927,0.1108,-0.1481
17929126,-0.0850,-0.0489,9.8022,-0.4783,0.0705,-0.1093
17929293,-0.0898,-0.0478,9.8122,-0.4467,0.0444,-0.1135
17929460,-0.0708,-0.0470,9.8034,-0.3797,0.0383,-0.1969
17929626,-0.0805,-0.0525,9.7930,-0.4933,0.0191,-0.1895
17929793,-0.0705,-0.0554,9.7962,-0.4586,0.0177,-0.0714
17929960,-0.0781,-0.0534,9.8019,-0.4747,0.0734,-0.1540
17930126,-0.0935,-0.0603,9.8236,-0.4438,0.0931,-0.1831
17930293,-0.0679,-0.0430,9.7995,-0.4052,0.0699,-0.1642
17930460,-0.0778,-0.0421,9.8048,-0.4224,0.0548,-0.1301
17930626,-0.0854,-0.0399,9.8047,-0.4352,0.0434,-0.1180
17930793,-0.0785,-0.0410,9.8135,-0.4179,0.0558,-0.1924
17930960,-0.0715,-0.0379,9.8172,-0.3601,0.0324,-0.1583
17931126,-0.0781,-0.0549,9.8055,-0.4257,0.0878,-0.0978
17931293,-0.0835,-0.0509,9.7967,-0.4469,0.0910,-0.1283
17931460,-0.0854,-0.0594,9.8182,-0.3999,0.0540,-0.1251
17931626,-0.0767,-0.0497,9.8235,-0.4387,0.0401,-0.1724
17931793,-0.0691,-0.0324,9.8182,-0.3737,0.0126,-0.1186
17931960,-0.0746,-0.0499,9.8192,-0.4888,0.0245,-0.1416
17932127,-0.0790,-0.0524,9.8030,-0.4595,0.1454,-0.1528
17932293,-0.0753,-0.0475,9.8053,-0.3893,0.1437,-0.1652
17932460,-0.0874,-0.0549,9.8030,-0.4346,0.0560,-0.0946
17932627,-0.0784,-0.0411,9.7943,-0.4489,0.0401,-0.1695
17932793,-0.0841,-0.0431,9.8076,-0.4524,0.0467,-0.1864
17932960,-0.0773,-0.0494,9.7952,-0.4458,0.1015,-0.1656
17933127,-0.0771,-0.0479,9.8129,-0.4988,0.0628,-0.1757
17933293,-0.0793,-0.0589,9.7974,-0.4485,0.0307,-0.1992
17933460,-0.0853,-0.0531,9.8129,-0.3906,0.0740,-0.1248
17933627,-0.0662,-0.0446,9.7909,-0.4326,0.0576,-0.1387
17933793,-0.0711,-0.0476,9.8025,-0.3988,0.1337,-0.1279
17933960,-0.0845,-0.0333,9.7976,-0.4940,0.1258,-0.1287
17934127,-0.0734,-0.0426,9.8013,-0.4035,-0.0274,-0.2014
17934293,-0.0769,-0.0470,9.8089,-0.4566,0.0349,-0.1695
17934460,-0.0743,-0.0416,9.8017,-0.4957,0.0281,-0.1920
17934627,-0.0938,-0.0461,9.8138,-0.3871,0.0732,-0.1947
17934793,-0.0761,-0.0469,9.8017,-0.4412,0.0983,-0.1274
17934960,-0.0702,-0.0406,9.7946,-0.4029,-0.0036,-0.1686
17935127,-0.0668,-0.0569,9.7941,-0.4056,0.1412,-0.1570
17935293,-0.0783,-0.0530,9.7949,-0.4487,0.1516,-0.1346
17935460,-0.0939,-0.0454,9.8114,-0.4639,0.0301,-0.1434
17935627,-0.0709,-0.0554,9.8175,-0.4988,0.1212,-0.1571
17935793,-0.0691,-0.0564,9.8164,-0.4435,0.1045,-0.1284
17935960,-0.0996,-0.0434,9.8148,-0.4801,0.0466,-0.1270
17936127,-0.0781,-0.0478,9.8097,-0.4486,0.0904,-0.1776
17936293,-0.0720,-0.0340,9.8102,-0.4667,0.0486,-0.1728
17936460,-0.0789,-0.0558,9.8047,-0.4595,-0.0028,-0.0853
17936627,-0.0798,-0.0457,9.8249,-0.5052,0.0112,-0.1123
17936793,-0.0838,-0.0512,9.8140,-0.4434,-0.0217,-0.1461
17936960,-0.0689,-0.0458,9.7970,-0.5380,0.0024,-0.1222
17937127,-0.0871,-0.0482,9.8070,-0.5557,0.0204,-0.1872
17937293,-0.0735,-0.0520,9.8077,-0.4098,0.0696,-0.1520
17937460,-0.0838,-0.0414,9.8122,-0.3542,0.0535,-0.1267
17937627,-0.0760,-0.0480,9.8213,-0.4469,0.0400,-0.1177
17937793,-0.0813,-0.0575,9.8034,-0.4623,0.0686,-0.1260
17937960,-0.0866,-0.0537,9.8207,-0.4687,0.0336,-0.1229
17938127,-0.0695,-0.0435,9.8103,-0.5081,0.1065,-0.1770
17938293,-0.0801,-0.0425,9.8075,-0.4881,0.0733,-0.1409
17938460,-0.0813,-0.0554,9.8116,-0.5020,0.0814,-0.1412
17938627,-0.0837,-0.0496,9.8058,-0.5145,0.0928,-0.0707
17938793,-0.0730,-0.0493,9.8101,-0.4898,0.1037,-0.1712
17938960,-0.0779,-0.0437,9.8095,-0.4395,0.1018,-0.1070
17939127,-0.0845,-0.0507,9.8055,-0.4495,0.1266,-0.1373
17939293,-0.0821,-0.0447,9.8190,-0.4283,0.0988,-0.1419
17939460,-0.0887,-0.0526,9.8166,-0.4334,0.0209,-0.1477
17939627,-0.0731,-0.0609,9.7972,-0.5244,0.0754,-0.1908
17939793,-0.0785,-0.0450,9.8165,-0.4425,0.0982,-0.1512
17939960,-0.0866,-0.0427,9.8008,-0.4753,0.0349,-0.1391
17940127,-0.0800,-0.0466,9.8101,-0.4030,0.0816,-0.1477
17940293,-0.0918,-0.0559,9.7983,-0.3894,0.0646,-0.1449
17940460,-0.0770,-0.0422,9.7987,-0.4945,0.0398,-0.1695
17940627,-0.0769,-0.0375,9.8095,-0.4257,0.0301,-0.1982
17940793,-0.0799,-0.0449,9.8131,-0.4150,0.0345,-0.1631
17940960,-0.0799,-0.0460,9.8071,-0.3777,0.0612,-0.1383
17941127,-0.0662,-0.0530,9.8032,-0.4663,0.1105,-0.0825
17941293,-0.0874,-0.0509,9.8134,-0.4263,0.0521,-0.1280
17941460,-0.0791,-0.0538,9.8061,-0.4001,0.0832,-0.1208
17941627,-0.0803,-0.0603,9.7999,-0.4128,0.0899,-0.1574
17941793,-0.0817,-0.0425,9.8250,-0.4347,0.0301,-0.1459
17941960,-0.0887,-0.0472,9.8127,-0.4112,0.0689,-0.1617
17942127,-0.0756,-0.0530,9.8026,-0.4483,-0.0083,-0.1363
17942293,-0.0652,-0.0386,9.8041,-0.4183,0.1070,-0.1607
17942460,-0.0660,-0.0498,9.8079,-0.4637,0.0914,-0.1741
17942627,-0.0819,-0.0469,9.8043,-0.3956,0.0243,-0.1572
17942793,-0.0843,-0.0480,9.8102,-0.4715,0.0794,-0.2205
17942960,-0.0642,-0.0601,9.8074,-0.3860,0.0721,-0.1199
17943127,-0.0738,-0.0437,9.7991,-0.4402,0.0977,-0.1453
17943293,-0.0873,-0.0370,9.8166,-0.4524,0.0916,-0.1780
17943460,-0.0692,-0.0428,9.8062,-0.4646,0.1039,-0.2517
17943627,-0.0848,-0.0380,9.8095,-0.3741,0.0179,-0.1008
17943793,-0.0866,-0.0370,9.8117,-0.4102,0.1103,-0.2016
17943960,-0.0775,-0.0497,9.8086,-0.4103,0.0375,-0.1709
17944127,-0.0908,-0.0503,9.8109,-0.4423,0.1564,-0.1269
17944293,-0.0740,-0.0524,9.8049,-0.4329,0.1121,-0.1847
17944460,-0.0706,-0.0500,9.7978,-0.4148,0.0953,-0.1573
17944627,-0.0751,-0.0515,9.8124,-0.4019,0.0330,-0.1490
17944793,-0.0724,-0.0560,9.8013,-0.4525,0.0439,-0.2224
17944960,-0.0824,-0.0425,9.8046,-0.4575,0.0665,-0.1784
17945127,-0.0793,-0.0379,9.8095,-0.3894,0.1067,-0.2085
17945293,-0.0932,-0.0486,9.8084,-0.4586,0.0549,-0.1310
17945460,-0.0762,-0.0460,9.7972,-0.4861,0.0271,-0.1520
17945627,-0.0779,-0.0450,9.8117,-0.4378,0.0541,-0.0863
17945793,-0.0767,-0.0481,9.7884,-0.4359,0.0830,-0.1542
17945960,-0.0814,-0.0613,9.8083,-0.4329,0.0729,-0.1526
17946127,-0.0830,-0.0459,9.8024,-0.4790,0.0496,-0.2152
17946293,-0.0714,-0.0460,9.8018,-0.3302,0.1206,-0.1756
17946460,-0.0782,-0.0530,9.8123,-0.4147,0.0626,-0.1609
17946627,-0.0888,-0.0487,9.7966,-0.4375,0.0522,-0.1509
17946793,-0.0783,-0.0583,9.8054,-0.4368,0.0432,-0.1675
17946960,-0.0880,-0.0465,9.8092,-0.5171,0.0360,-0.1796
17947127,-0.0820,-0.0606,9.8059,-0.5057,0.0222,-0.1374
17947293,-0.0687,-0.0475,9.8051,-0.4325,0.0908,-0.1667
17947460,-0.0794,-0.0475,9.8060,-0.3894,0.0355,-0.1494
17947627,-0.0890,-0.0554,9.8144,-0.4235,0.0397,-0.1531
17947793,-0.0758,-0.0512,9.8066,-0.3746,0.0837,-0.1677
17947960,-0.0834,-0.0524,9.8104,-0.4195,0.0856,-0.1330
17948127,-0.0803,-0.0484,9.8166,-0.4636,0.0600,-0.1573
17948293,-0.0779,-0.0520,9.8088,-0.4362,0.0284,-0.1191
17948460,-0.0847,-0.0515,9.8072,-0.3864,0.0835,-0.1221
17948627,-0.0771,-0.0402,9.8060,-0.4633,0.0708,-0.1257
17948794,-0.0676,-0.0448,9.8273,-0.4056,0.0477,-0.1906
17948960,-0.0802,-0.0356,9.7978,-0.3796,0.0436,-0.1691
17949127,-0.0905,-0.0683,9.8035,-0.4350,0.0180,-0.1076
17949294,-0.0700,-0.0538,9.8073,-0.4403,0.0794,-0.0991
17949460,-0.0745,-0.0572,9.8191,-0.4244,0.0446,-0.1233
17949627,-0.0884,-0.0389,9.8172,-0.4423,0.0860,-0.1517
17949794,-0.0907,-0.0481,9.8172,-0.3950,0.0573,-0.1704
17949960,-0.0860,-0.0529,9.8041,-0.4061,0.0594,-0.2267
17950127,-0.0706,-0.0569,9.8018,-0.4263,0.0580,-0.1754
17950294,-0.0856,-0.0536,9.7979,-0.5386,0.1420,-0.1292
17950460,-0.0949,-0.0476,9.7979,-0.4279,0.0970,-0.1571
17950627,-0.0774,-0.0662,9.8082,-0.5090,0.1025,-0.0828
17950794,-0.0747,-0.0597,9.8125,-0.3594,0.0618,-0.1775
17950960,-0.0812,-0.0494,9.7881,-0.3981,0.1096,-0.1115
17951127,-0.0748,-0.0531,9.8111,-0.3726,0.1265,-0.1649
17951294,-0.0853,-0.0514,9.8162,-0.4323,0.0553,-0.1220
17951460,-0.0906,-0.0418,9.8010,-0.4682,0.0295,-0.1057
17951627,-0.0730,-0.0513,9.8101,-0.4308,0.0501,-0.1593
17951794,-0.0868,-0.0500,9.8119,-0.4696,0.0654,-0.1558
17951960,-0.0555,-0.0363,9.8064,-0.3802,0.1187,-0.1452
17952127,-0.0779,-0.0396,9.8012,-0.3522,0.0959,-0.1313
17952294,-0.0789,-0.0438,9.7934,-0.4662,0.1166,-0.1587
17952460,-0.0680,-0.0497,9.8012,-0.5245,0.0728,-0.1664
17952627,-0.0893,-0.0615,9.7976,-0.5049,0.0878,-0.0857
17952794,-0.0836,-0.0532,9.8103,-0.3937,0.0749,-0.1784
17952960,-0.0777,-0.0509,9.8253,-0.4697,0.0456,-0.1913
17953127,-0.0895,-0.0288,9.8008,-0.4907,0.0197,-0.1575
17953294,-0.0747,-0.0459,9.8037,-0.3723,0.0110,-0.1274
17953460,-0.0938,-0.0461,9.7968,-0.4561,0.0538,-0.1743
17953627,-0.0858,-0.0514,9.8035,-0.3661,0.1225,-0.1707
17953794,-0.0612,-0.0584,9.8152,-0.4401,0.1426,-0.1866
17953960,-0.0689,-0.0609,9.8151,-0.4042,0.0944,-0.2326
17954127,-0.0784,-0.0508,9.8149,-0.3845,0.0822,-0.2243
17954294,-0.0815,-0.0534,9.8047,-0.5148,0.0790,-0.1945
17954460,-0.0763,-0.0356,9.8126,-0.4319,0.0133,-0.1248
17954627,-0.0824,-0.0478,9.8127,-0.4399,0.0437,-0.1611
17954794,-0.0766,-0.0431,9.7959,-0.4050,0.1183,-0.1590
17954960,-0.0771,-0.0488,9.8091,-0.4338,0.0262,-0.1563
17955127,-0.0759,-0.0418,9.8014,-0.4558,-0.0321,-0.1124
17955294,-0.0707,-0.0485,9.8105,-0.4740,0.0668,-0.1604
17955460,-0.0907,-0.0395,9.8079,-0.3291,0.1193,-0.1466
17955627,-0.0938,-0.0458,9.8013,-0.5072,0.0711,-0.1695
17955794,-0.0800,-0.0535,9.8228,-0.3981,0.0470,-0.0930
17955960,-0.0885,-0.0559,9.7959,-0.4320,0.0924,-0.1188
17956127,-0.0804,-0.0552,9.8114,-0.4600,0.0834,-0.1367
17956294,-0.0775,-0.0461,9.8053,-0.5080,0.0629,-0.1833
17956460,-0.0811,-0.0512,9.8059,-0.4132,0.0590,-0.1861
17956627,-0.0876,-0.0423,9.8095,-0.4286,0.0543,-0.1345
17956794,-0.0746,-0.0559,9.8077,-0.4455,0.0759,-0.1602
17956960,-0.0611,-0.0579,9.8140,-0.4135,0.0635,-0.1497
17957127,-0.0715,-0.0512,9.7999,-0.4269,0.0926,-0.1160
17957294,-0.0731,-0.0522,9.8106,-0.4467,0.0766,-0.1907
17957460,-0.0761,-0.0446,9.8068,-0.3985,0.1359,-0.1306
17957627,-0.0709,-0.0554,9.8147,-0.3864,0.0368,-0.1330
17957794,-0.0844,-0.0459,9.8071,-0.4573,0.0722,-0.1734
17957960,-0.0753,-0.0367,9.8093,-0.4478,0.1115,-0.1146
17958127,-0.0806,-0.0487,9.8066,-0.3892,0.1203,-0.1406
17958294,-0.0695,-0.0470,9.8186,-0.4663,0.0086,-0.0974
17958460,-0.0689,-0.0509,9.8091,-0.4497,0.0405,-0.1105
17958627,-0.0817,-0.0500,9.8066,-0.4762,0.0053,-0.1577
17958794,-0.0787,-0.0332,9.8043,-0.4812,0.1419,-0.1105
17958960,-0.0795,-0.0450,9.8087,-0.4798,0.1130,-0.1261
17959127,-0.0896,-0.0315,9.8163,-0.4721,0.0680,-0.1594
17959294,-0.0809,-0.0243,9.8126,-0.4916,0.0758,-0.2026
17959460,-0.0772,-0.0501,9.8206,-0.4022,0.0494,-0.2457
17959627,-0.0813,-0.0533,9.8153,-0.3977,0.0177,-0.1401
17959794,-0.0783,-0.0458,9.8133,-0.5193,0.0164,-0.1171
17959960,-0.0870,-0.0433,9.8156,-0.4375,0.0783,-0.1648
17960127,-0.0773,-0.0438,9.8065,-0.4329,0.0716,-0.1382
17960294,-0.0913,-0.0399,9.8114,-0.4524,0.0314,-0.1582
17960460,-0.0790,-0.0498,9.8143,-0.4148,0.0594,-0.1531
17960627,-0.0744,-0.0404,9.8057,-0.4583,0.1186,-0.1670
17960794,-0.0789,-0.0482,9.8164,-0.4381,0.0145,-0.1708
17960960,-0.0713,-0.0465,9.8153,-0.4578,0.0256,-0.1435
17961127,-0.0756,-0.0575,9.8154,-0.4363,0.0133,-0.1329
17961294,-0.0728,-0.0360,9.8209,-0.4303,0.0589,-0.1327
17961460,-0.0832,-0.0438,9.8101,-0.4147,0.0591,-0.1876
17961627,-0.0818,-0.0376,9.8173,-0.3816,0.0422,-0.1239
17961794,-0.0761,-0.0393,9.8155,-0.4317,0.0255,-0.1728
17961960,-0.0949,-0.0414,9.7978,-0.4496,0.0218,-0.1169
17962127,-0.0736,-0.0541,9.8041,-0.3985,0.0710,-0.1292
17962294,-0.0785,-0.0311,9.8069,-0.4665,0.1010,-0.1675
17962460,-0.0728,-0.0492,9.7968,-0.3943,0.0557,-0.2153
17962627,-0.0820,-0.0558,9.8203,-0.3905,0.0574,-0.1062
17962794,-0.0826,-0.0583,9.8130,-0.4843,0.0406,-0.1971
17962960,-0.0954,-0.0439,9.8065,-0.4160,0.0360,-0.1776
17963127,-0.0763,-0.0478,9.8217,-0.4356,0.0771,-0.1763
17963294,-0.0801,-0.0479,9.8065,-0.4683,0.0862,-0.1276
17963460,-0.0848,-0.0342,9.8052,-0.3961,0.0232,-0.1726
17963627,-0.0778,-0.0466,9.8115,-0.4968,0.0786,-0.1576
17963794,-0.0883,-0.0491,9.7937,-0.4478,0.0649,-0.1774
17963960,-0.0837,-0.0489,9.8029,-0.3773,0.0888,-0.1053
17964127,-0.0886,-0.0427,9.8238,-0.4829,0.0848,-0.1226
17964294,-0.0653,-0.0616,9.7914,-0.3944,0.0482,-0.1290
17964460,-0.0897,-0.0344,9.8103,-0.4574,0.0300,-0.0881
17964627,-0.0762,-0.0522,9.8084,-0.4747,0.1149,-0.1007
17964794,-0.0920,-0.0477,9.8103,-0.4215,0.1047,-0.1462
17964960,-0.0779,-0.0502,9.8048,-0.5241,0.0781,-0.1782
17965127,-0.0799,-0.0551,9.8014,-0.5008,0.0769,-0.1527
17965294,-0.0807,-0.0524,9.8128,-0.4209,0.0631,-0.1039
17965461,-0.0754,-0.0526,9.8171,-0.4088,0.0542,-0.1343
17965627,-0.0718,-0.0497,9.8037,-0.4135,0.0897,-0.1589
17965794,-0.0712,-0.0385,9.8044,-0.5235,0.0372,-0.1101
17965961,-0.0825,-0.0415,9.7945,-0.5124,0.0296,-0.1540
17966127,-0.0772,-0.0405,9.8149,-0.4817,0.0452,-0.1292
17966294,-0.0783,-0.0530,9.8094,-0.4607,0.0919,-0.1967
17966461,-0.0825,-0.0466,9.7949,-0.3908,0.0617,-0.1320
17966627,-0.0754,-0.0470,9.7942,-0.4594,0.0221,-0.1327
17966794,-0.0885,-0.0483,9.8077,-0.4083,0.0757,-0.0837
17966961,-0.0754,-0.0529,9.8059,-0.3873,0.0512,-0.1027
17967127,-0.0775,-0.0390,9.8094,-0.4591,0.0985,-0.1323
17967294,-0.0957,-0.0551,9.8105,-0.3908,0.0813,-0.0925
17967461,-0.0826,-0.0467,9.8067,-0.3838,0.0786,-0.1779
17967627,-0.0634,-0.0482,9.8225,-0.3540,0.1437,-0.0788
17967794,-0.0716,-0.0528,9.7958,-0.4307,0.1133,-0.1533
17967961,-0.0785,-0.0459,9.8069,-0.4650,0.1067,-0.1688
17968127,-0.0969,-0.0603,9.8090,-0.4496,0.0476,-0.1806
17968294,-0.0798,-0.0475,9.8175,-0.3723,0.0964,-0.1405
17968461,-0.0701,-0.0497,9.8020,-0.4298,0.0748,-0.1808
17968627,-0.0854,-0.0411,9.8127,-0.4659,0.0874,-0.1593
17968794,-0.0718,-0.0467,9.8009,-0.4030,0.0712,-0.1443
17968961,-0.0720,-0.0531,9.7989,-0.4273,0.0921,-0.1253
17969127,-0.0683,-0.0449,9.8126,-0.4783,0.1039,-0.1490
17969294,-0.0756,-0.0400,9.8189,-0.4252,0.0244,-0.0916
17969461,-0.0824,-0.0437,9.7952,-0.4335,0.0650,-0.1479
17969627,-0.0818,-0.0433,9.8015,-0.4223,0.1106,-0.1543
17969794,-0.0632,-0.0547,9.8147,-0.4455,0.1121,-0.0627
17969961,-0.0845,-0.0443,9.8061,-0.4652,0.0389,-0.1574
17970127,-0.0727,-0.0366,9.8120,-0.4297,0.0943,-0.1828
17970294,-0.0804,-0.0634,9.8038,-0.4153,0.0609,-0.1452
17970461,-0.0795,-0.0598,9.8125,-0.4025,0.1706,-0.1085
17970627,-0.0778,-0.0527,9.8084,-0.4545,-0.0322,-0.0807
17970794,-0.0831,-0.0421,9.8042,-0.4781,0.0532,-0.1409
17970961,-0.0735,-0.0474,9.8036,-0.4193,0.0448,-0.1563
17971127,-0.0846,-0.0342,9.8010,-0.4798,0.0837,-0.1675
17971294,-0.0781,-0.0521,9.8073,-0.4340,0.1007,-0.0819
17971461,-0.0719,-0.0518,9.8038,-0.4264,0.0342,-0.1371
17971627,-0.0861,-0.0391,9.8149,-0.4437,0.0146,-0.1322
17971794,-0.0771,-0.0652,9.8029,-0.3951,0.0711,-0.2342
17971961,-0.0894,-0.0495,9.8059,-0.4089,0.0863,-0.1611
17972127,-0.0772,-0.0392,9.8024,-0.4472,0.1337,-0.0948
17972294,-0.0757,-0.0404,9.8102,-0.4482,0.1255,-0.1127
17972461,-0.0743,-0.0415,9.8134,-0.4835,0.0253,-0.1240
17972627,-0.0710,-0.0549,9.8080,-0.3753,0.0590,-0.2156
17972794,-0.0827,-0.0634,9.8087,-0.3837,-0.0065,-0.1260
17972961,-0.0655,-0.0427,9.8261,-0.4336,0.1111,-0.1113
17973127,-0.0876,-0.0484,9.8037,-0.4217,0.0516,-0.1374
17973294,-0.0752,-0.0462,9.8041,-0.4569,0.0798,-0.1407
17973461,-0.0848,-0.0449,9.7935,-0.4532,0.0774,-0.1423
17973627,-0.0722,-0.0478,9.8083,-0.5123,0.0711,-0.1538
17973794,-0.0798,-0.0359,9.8066,-0.3878,0.0939,-0.0952
17973961,-0.0777,-0.0395,9.8049,-0.4819,-0.0112,-0.1450
17974127,-0.0654,-0.0362,9.8173,-0.5067,0.0438,-0.1254
17974294,-0.0743,-0.0474,9.8014,-0.4997,0.0405,-0.1889
17974461,-0.0853,-0.0408,9.8104,-0.4303,0.0283,-0.1937
17974627,-0.0754,-0.0528,9.8135,-0.4015,0.0398,-0.1709
17974794,-0.0819,-0.0440,9.8124,-0.4378,-0.0430,-0.1584
17974961,-0.0878,-0.0468,9.8063,-0.4877,0.1219,-0.1376
17975127,-0.0804,-0.0546,9.8179,-0.4402,0.0546,-0.2088
17975294,-0.0960,-0.0494,9.7969,-0.4252,0.0558,-0.1538
17975461,-0.0868,-0.0546,9.8062,-0.3355,0.0609,-0.1158
17975627,-0.0737,-0.0472,9.8162,-0.3840,0.1211,-0.1823
17975794,-0.0858,-0.0433,9.8040,-0.4531,0.0257,-0.0986
17975961,-0.0807,-0.0349,9.8134,-0.4013,0.0970,-0.1251
17976127,-0.0741,-0.0380,9.7906,-0.4202,0.0200,-0.2366
17976294,-0.0682,-0.0552,9.8071,-0.4309,0.0044,-0.1272
17976461,-0.0703,-0.0522,9.8023,-0.4568,0.1056,-0.1389
17976627,-0.0785,-0.0511,9.8036,-0.4301,0.0722,-0.1164
17976794,-0.0705,-0.0437,9.8080,-0.4123,0.0809,-0.1741
17976961,-0.0646,-0.0474,9.8031,-0.4488,0.1439,-0.1925
17977127,-0.0761,-0.0519,9.8141,-0.4391,0.1043,-0.1164
17977294,-0.0752,-0.0443,9.8111,-0.5115,-0.0014,-0.1675
17977461,-0.0829,-0.0531,9.8013,-0.4235,0.0841,-0.0984
17977627,-0.0855,-0.0477,9.8125,-0.4332,0.0928,-0.1417
17977794,-0.0822,-0.0419,9.8066,-0.4198,0.0589,-0.1588
17977961,-0.0732,-0.0431,9.8089,-0.4497,0.0297,-0.1842
17978127,-0.0839,-0.0498,9.8176,-0.5065,0.0696,-0.1864
17978294,-0.0734,-0.0493,9.8156,-0.4987,0.1089,-0.1832
17978461,-0.0715,-0.0500,9.7997,-0.3566,-0.0063,-0.0876
17978627,-0.0768,-0.0456,9.8125,-0.3656,0.0360,-0.1234
17978794,-0.0782,-0.0452,9.8091,-0.5543,0.1517,-0.1559
17978961,-0.0823,-0.0513,9.8041,-0.4237,0.0815,-0.1339
17979127,-0.0725,-0.0415,9.8076,-0.3874,0.0200,-0.1629
17979294,-0.0771,-0.0379,9.8089,-0.4535,0.0699,-0.1438
17979461,-0.0812,-0.0473,9.8009,-0.3554,0.0411,-0.1692
17979627,-0.0828,-0.0642,9.7941,-0.4128,0.0843,-0.1628
17979794,-0.0754,-0.0460,9.8013,-0.4662,-0.0117,-0.1333
17979961,-0.0837,-0.0545,9.8193,-0.4619,0.1017,-0.1139
17980127,-0.0782,-0.0514,9.8181,-0.4267,-0.0084,-0.1165
17980294,-0.0804,-0.0540,9.8136,-0.3897,0.0634,-0.0933
17980461,-0.0782,-0.0540,9.8108,-0.4325,0.0572,-0.1109
17980627,-0.0792,-0.0505,9.8081,-0.4653,0.0287,-0.2513
17980794,-0.0839,-0.0474,9.8027,-0.4379,0.0129,-0.1665
17980961,-0.0798,-0.0445,9.8152,-0.4454,0.0606,-0.1268
17981127,-0.0911,-0.0415,9.8154,-0.4632,0.0492,-0.1734
17981294,-0.0754,-0.0669,9.7962,-0.3957,0.1073,-0.0949
17981461,-0.0748,-0.0435,9.8179,-0.4653,0.0638,-0.2090
17981627,-0.0799,-0.0409,9.8118,-0.4518,0.0423,-0.1352
17981794,-0.0658,-0.0470,9.8020,-0.4316,0.0951,-0.0945
17981961,-0.0655,-0.0500,9.8079,-0.4558,0.0548,-0.1417
17982128,-0.0811,-0.0446,9.8157,-0.3851,0.1032,-0.1532
17982294,-0.0779,-0.0381,9.8050,-0.3964,0.0315,-0.0991
17982461,-0.0814,-0.0446,9.8075,-0.3904,0.0512,-0.1695
17982628,-0.0785,-0.0536,9.8104,-0.4075,0.1077,-0.1253
17982794,-0.0704,-0.0611,9.8105,-0.4622,0.0802,-0.1189
17982961,-0.0912,-0.0505,9.8030,-0.3953,0.0783,-0.0980
17983128,-0.0796,-0.0446,9.8035,-0.4092,0.0547,-0.1587
17983294,-0.0827,-0.0508,9.8201,-0.4051,0.0528,-0.0930
17983461,-0.0815,-0.0434,9.8160,-0.4317,0.0941,-0.1400
17983628,-0.0818,-0.0524,9.8118,-0.4592,0.0432,-0.1116
17983794,-0.0874,-0.0452,9.7984,-0.4180,0.0258,-0.1477
17983961,-0.0738,-0.0488,9.7973,-0.4719,0.0695,-0.1736
17984128,-0.1016,-0.0550,9.8060,-0.3915,0.0554,-0.1731
17984294,-0.0703,-0.0463,9.8021,-0.4452,0.0404,-0.0874
17984461,-0.0682,-0.0435,9.8113,-0.4069,0.0789,-0.0620
17984628,-0.0716,-0.0405,9.8213,-0.4765,0.0687,-0.2074
17984794,-0.0840,-0.0451,9.8181,-0.3961,0.1069,-0.1748
17984961,-0.0794,-0.0537,9.8096,-0.5029,0.1565,-0.1604
17985128
17985294
