DeviceTag: Xsens DOT,FirmwareVersion: 2.2.1,AppVersion: 2022.2.0,SyncStatus: Unknown (Synced/Un-synced),OutputRate: 60,FilterProfile: Unknown,Measurement Mode: Inertial Mode - Rate quantities,StartTime: 2022-12-03 22:44:56.029,Â© Movella Technologies B.V. 2005-2022
SampleTimeFine,Acc_X,Acc_Y,Acc_Z,Gyr_X,Gyr_Y,Gyr_Z
17831419,-0.1134,-0.0987,9.8364,-0.4050,-0.1771,-0.5014
17831585,-0.1195,-0.1041,9.8270,-0.4388,-0.1939,-0.5035
17831752,-0.1276,-0.0885,9.8291,-0.3851,-0.1368,-0.5084
17831919,-0.1213,-0.0905,9.8248,-0.4299,-0.0910,-0.4553
17832085,-0.1205,-0.0953,9.8351,-0.4118,-0.0992,-0.5408
17832252,-0.1164,-0.0918,9.8251,-0.3717,-0.0875,-0.5297
17832419,-0.1145,-0.1003,9.8222,-0.3957,-0.2116,-0.5743
17832585,-0.1175,-0.0963,9.8338,-0.3795,-0.1472,-0.5231
17832752,-0.1126,-0.0977,9.8220,-0.3480,-0.1191,-0.5208
17832919,-0.1294,-0.0914,9.8281,-0.3499,-0.1623,-0.5031
17833085,-0.1358,-0.1013,9.8264,-0.3469,-0.0576,-0.5320
17833252,-0.1198,-0.0965,9.8275,-0.4015,-0.1607,-0.5656
17833419,-0.1200,-0.0855,9.8292,-0.4826,-0.1425,-0.4984
17833585,-0.1320,-0.0938,9.8198,-0.3447,-0.1676,-0.5039
17833752,-0.1168,-0.0907,9.8209,-0.3381,-0.1467,-0.4292
17833919,-0.1183,-0.0936,9.8353,-0.3860,-0.1767,-0.5049
17834086,-0.1318,-0.0995,9.8289,-0.4124,-0.1204,-0.5032
17834252,-0.1257,-0.0976,9.8357,-0.4053,-0.1581,-0.4980
17834419,-0.1179,-0.0988,9.8220,-0.4116,-0.1350,-0.4693
17834586,-0.1180,-0.0977,9.8180,-0.4080,-0.1834,-0.5555
17834752,-0.1160,-0.0969,9.8266,-0.3552,-0.1619,-0.5211
17834919,-0.1104,-0.0880,9.8403,-0.3919,-0.1075,-0.6012
17835086,-0.1232,-0.1080,9.8292,-0.4038,-0.0724,-0.5380
17835252,-0.1273,-0.0947,9.8241,-0.3547,-0.1251,-0.5167
17835419,-0.1298,-0.0852,9.8376,-0.4027,-0.1362,-0.4944
17835586,-0.1189,-0.0926,9.8394,-0.4220,-0.1378,-0.5365
17835752,-0.1096,-0.0913,9.8278,-0.3462,-0.1817,-0.5872
17835919,-0.1246,-0.0955,9.8335,-0.4315,-0.1359,-0.5199
17836086,-0.1317,-0.0931,9.8258,-0.4758,-0.1324,-0.5673
17836252,-0.1149,-0.0937,9.8357,-0.4224,-0.1575,-0.5192
17836419,-0.1151,-0.0938,9.8312,-0.4705,-0.2087,-0.4910
17836586,-0.1185,-0.0923,9.8262,-0.3353,-0.1591,-0.5569
17836752,-0.1102,-0.1018,9.8220,-0.3527,-0.1219,-0.5083
17836919,-0.1195,-0.0979,9.8292,-0.3518,-0.0515,-0.5482
17837086,-0.1155,-0.0945,9.8552,-0.4107,-0.0858,-0.5372
17837252,-0.1243,-0.0955,9.8270,-0.4004,-0.1147,-0.5067
17837419,-0.1179,-0.0915,9.8386,-0.3697,-0.2061,-0.5398
17837586,-0.1179,-0.0931,9.8424,-0.4421,-0.1152,-0.5132
17837752,-0.1300,-0.1006,9.8295,-0.3615,-0.1288,-0.4787
17837919,-0.1345,-0.0959,9.8361,-0.4545,-0.1427,-0.5346
17838086,-0.1180,-0.0916,9.8358,-0.4362,-0.1285,-0.5166
17838252,-0.1072,-0.0860,9.8226,-0.4033,-0.1176,-0.4995
17838419,-0.1238,-0.1114,9.8266,-0.3486,-0.1407,-0.5925
17838586,-0.1261,-0.1046,9.8198,-0.4434,-0.0803,-0.4862
17838752,-0.1193,-0.0939,9.8291,-0.3954,-0.0970,-0.5759
17838919,-0.1230,-0.0972,9.8253,-0.4195,-0.1625,-0.4993
17839086,-0.1294,-0.1005,9.8409,-0.4046,-0.1324,-0.5368
17839252,-0.1196,-0.0931,9.8382,-0.4087,-0.0724,-0.5125
17839419,-0.1197,-0.0902,9.8406,-0.4074,-0.2200,-0.5570
17839586,-0.1224,-0.0925,9.8385,-0.3494,-0.1828,-0.5067
17839752,-0.1240,-0.0956,9.8350,-0.4051,-0.1549,-0.5503
17839919,-0.1240,-0.1033,9.8240,-0.3208,-0.1759,-0.5083
17840086,-0.1319,-0.0927,9.8329,-0.3878,-0.1622,-0.5384
17840252,-0.1069,-0.1040,9.8296,-0.3831,-0.1528,-0.5199
17840419,-0.1252,-0.0982,9.8335,-0.3891,-0.1093,-0.4945
17840586,-0.1252,-0.0919,9.8334,-0.3478,-0.1658,-0.5358
17840752,-0.1244,-0.1025,9.8405,-0.4632,-0.1191,-0.5055
17840919,-0.1251,-0.1061,9.8417,-0.4173,-0.1037,-0.4766
17841086,-0.1287,-0.0949,9.8216,-0.3742,-0.1544,-0.4972
17841252,-0.1117,-0.1030,9.8361,-0.4096,-0.1611,-0.5849
17841419,-0.1194,-0.0978,9.8365,-0.4024,-0.0647,-0.5269
17841586,-0.1229,-0.0939,9.8307,-0.4735,-0.1051,-0.5305
17841752,-0.1300,-0.0958,9.8168,-0.3661,-0.2476,-0.5531
17841919,-0.1230,-0.1013,9.8374,-0.3634,-0.1704,-0.5390
17842086,-0.1124,-0.1096,9.8289,-0.3934,-0.1989,-0.4748
17842252,-0.1105,-0.0966,9.8099,-0.3480,-0.1626,-0.5495
17842419,-0.1173,-0.0946,9.8235,-0.3736,-0.1629,-0.5493
17842586,-0.1225,-0.1016,9.8204,-0.2752,-0.0652,-0.5595
17842752,-0.1263,-0.0959,9.8286,-0.4367,-0.0962,-0.5405
17842919,-0.1223,-0.1060,9.8406,-0.2929,-0.1417,-0.5707
17843086,-0.1285,-0.0940,9.8359,-0.3707,-0.1961,-0.5365
17843252,-0.1304,-0.0811,9.8376,-0.3873,-0.0647,-0.5473
17843419,-0.1087,-0.0976,9.8322,-0.3737,-0.1123,-0.5453
17843586,-0.1241,-0.0887,9.8352,-0.3420,-0.1149,-0.4865
17843752,-0.1236,-0.0977,9.8305,-0.3806,-0.0872,-0.5104
17843919,-0.1122,-0.0965,9.8256,-0.4094,-0.1430,-0.4932
17844086,-0.1189,-0.1062,9.8329,-0.3617,-0.1475,-0.5298
17844252,-0.1054,-0.1087,9.8275,-0.4185,-0.1546,-0.5397
17844419,-0.1332,-0.1025,9.8211,-0.3657,-0.1314,-0.5793
17844586,-0.1200,-0.0898,9.8241,-0.4120,-0.1122,-0.5635
17844752,-0.1210,-0.0980,9.8319,-0.4558,-0.1693,-0.4766
17844919,-0.1222,-0.0840,9.8384,-0.4077,-0.1417,-0.4944
17845086,-0.1351,-0.0887,9.8325,-0.3700,-0.1594,-0.5599
17845252,-0.1216,-0.0960,9.8358,-0.3972,-0.1637,-0.5110
17845419,-0.1237,-0.0876,9.8251,-0.4289,-0.1213,-0.5387
17845586,-0.1251,-0.1021,9.8299,-0.4115,-0.1180,-0.5664
17845752,-0.1047,-0.0861,9.8404,-0.3824,-0.1411,-0.5157
17845919,-0.1128,-0.0856,9.8310,-0.4603,-0.1969,-0.5121
17846086,-0.1371,-0.0930,9.8306,-0.3875,-0.1436,-0.5248
17846252,-0.1266,-0.0975,9.8304,-0.3993,-0.0797,-0.4960
17846419,-0.1338,-0.1026,9.8316,-0.4239,-0.1047,-0.4846
17846586,-0.1182,-0.1006,9.8346,-0.4047,-0.2084,-0.4987
17846752,-0.1107,-0.0938,9.8378,-0.4185,-0.1931,-0.5440
17846919,-0.1184,-0.0969,9.8352,-0.3927,-0.2355,-0.4979
17847086,-0.1371,-0.0959,9.8360,-0.4499,-0.1561,-0.5092
17847252,-0.1192,-0.1011,9.8340,-0.4197,-0.1347,-0.5368
17847419,-0.1188,-0.1050,9.8321,-0.3646,-0.1894,-0.5268
17847586,-0.1144,-0.1063,9.8322,-0.3026,-0.2439,-0.5745
17847752,-0.1243,-0.1006,9.8356,-0.3622,-0.1087,-0.5425
17847919,-0.1310,-0.0949,9.8188,-0.3813,-0.1770,-0.5412
17848086,-0.1096,-0.0996,9.8305,-0.3948,-0.1313,-0.5246
17848252,-0.1149,-0.1081,9.8524,-0.2917,-0.1465,-0.5386
17848419,-0.1102,-0.0928,9.8346,-0.3744,-0.1303,-0.5225
17848586,-0.1217,-0.1013,9.8379,-0.3474,-0.1756,-0.5305
17848752,-0.1219,-0.1017,9.8337,-0.3533,-0.0989,-0.5582
17848919,-0.1291,-0.1033,9.8306,-0.3786,-0.2059,-0.4786
17849086,-0.1281,-0.1112,9.8275,-0.3793,-0.0252,-0.5902
17849252,-0.1226,-0.1010,9.8484,-0.4164,-0.1342,-0.5872
17849419,-0.1238,-0.0962,9.8348,-0.4214,-0.1562,-0.5458
17849586,-0.1111,-0.0919,9.8431,-0.4010,-0.1951,-0.5245
17849752,-0.1203,-0.0987,9.8318,-0.3893,-0.0874,-0.5490
17849919,-0.1229,-0.0943,9.8308,-0.4187,-0.0899,-0.5258
17850086,-0.1324,-0.0991,9.8218,-0.3645,-0.1849,-0.5047
17850252,-0.1285,-0.0998,9.8268,-0.3567,-0.1607,-0.5551
17850419,-0.1092,-0.1077,9.8386,-0.4203,-0.0852,-0.4491
17850586,-0.1247,-0.0889,9.8323,-0.4783,-0.1108,-0.5074
17850753,-0.1168,-0.0947,9.8448,-0.3738,-0.1442,-0.5397
17850919,-0.1103,-0.0920,9.8322,-0.3953,-0.1358,-0.4751
17851086,-0.1246,-0.0934,9.8266,-0.3834,-0.1483,-0.5001
17851253,-0.1180,-0.1001,9.8470,-0.3935,-0.1884,-0.5749
17851419,-0.1231,-0.0876,9.8262,-0.3646,-0.1529,-0.5166
17851586,-0.1267,-0.0852,9.8349,-0.4235,-0.1071,-0.5029
17851753,-0.1158,-0.0891,9.8250,-0.4264,-0.1555,-0.5072
17851919,-0.1194,-0.0980,9.8303,-0.4191,-0.1342,-0.4659
17852086,-0.1225,-0.0943,9.8395,-0.3873,-0.0640,-0.5171
17852253,-0.1216,-0.0915,9.8321,-0.3767,-0.1546,-0.5464
17852419,-0.1199,-0.0827,9.8454,-0.4202,-0.1791,-0.6317
17852586,-0.1409,-0.0934,9.8264,-0.4566,-0.2127,-0.4642
17852753,-0.1267,-0.0885,9.8320,-0.3881,-0.1791,-0.5129
17852919,-0.1187,-0.1061,9.8302,-0.4570,-0.1574,-0.5061
17853086,-0.1116,-0.0930,9.8453,-0.4911,-0.1095,-0.5074
17853253,-0.1288,-0.1054,9.8296,-0.3523,-0.0678,-0.5265
17853419,-0.1390,-0.1036,9.8351,-0.4453,-0.1291,-0.5225
17853586,-0.1262,-0.1031,9.8209,-0.3847,-0.1360,-0.5157
17853753,-0.1267,-0.0917,9.8379,-0.3911,-0.1268,-0.4804
17853919,-0.1361,-0.0931,9.8378,-0.3226,-0.2061,-0.5408
17854086,-0.1379,-0.0915,9.8463,-0.4556,-0.1475,-0.4964
17854253,-0.1272,-0.1022,9.8132,-0.3902,-0.1655,-0.5536
17854419,-0.1239,-0.0880,9.8354,-0.4354,-0.1676,-0.5113
17854586,-0.1199,-0.1007,9.8313,-0.4353,-0.1653,-0.5236
17854753,-0.1308,-0.0955,9.8279,-0.3873,-0.1342,-0.5088
17854919,-0.1215,-0.0889,9.8337,-0.4235,-0.1696,-0.5959
17855086,-0.1223,-0.1017,9.8218,-0.3983,-0.1761,-0.5961
17855253,-0.1290,-0.1111,9.8392,-0.3744,-0.0981,-0.5456
17855419,-0.1359,-0.0992,9.8245,-0.3762,-0.1047,-0.5045
17855586,-0.1287,-0.0997,9.8362,-0.4429,-0.1221,-0.5403
17855753,-0.1263,-0.0984,9.8326,-0.3564,-0.1903,-0.5639
17855919,-0.1334,-0.1105,9.8453,-0.3692,-0.1692,-0.5622
17856086,-0.1210,-0.1086,9.8320,-0.4081,-0.1975,-0.4899
17856253,-0.1225,-0.0944,9.8438,-0.4330,-0.1258,-0.5367
17856419,-0.1211,-0.0972,9.8253,-0.3796,-0.1898,-0.5007
17856586,-0.1185,-0.0918,9.8427,-0.4363,-0.1646,-0.5589
17856753,-0.1227,-0.0981,9.8298,-0.3831,-0.1268,-0.4927
17856919,-0.1210,-0.1058,9.8229,-0.3949,-0.1428,-0.5456
17857086,-0.1190,-0.1038,9.8343,-0.4998,-0.1674,-0.5430
17857253,-0.1225,-0.1060,9.8255,-0.4026,-0.1933,-0.5273
17857419,-0.1221,-0.0979,9.8189,-0.3948,-0.0851,-0.5206
17857586,-0.1194,-0.1014,9.8425,-0.3746,-0.1477,-0.4972
17857753,-0.1161,-0.0981,9.8244,-0.3476,-0.1183,-0.5093
17857919,-0.1290,-0.0963,9.8258,-0.3300,-0.1303,-0.5559
17858086,-0.1081,-0.1059,9.8372,-0.3659,-0.1263,-0.5372
17858253,-0.1206,-0.1009,9.8269,-0.3814,-0.1264,-0.4820
17858419,-0.1232,-0.0963,9.8304,-0.3366,-0.1013,-0.5240
17858586,-0.1323,-0.1180,9.8280,-0.3405,-0.1958,-0.4718
17858753,-0.1177,-0.0896,9.8391,-0.3629,-0.1386,-0.5060
17858919,-0.1268,-0.0904,9.8149,-0.3469,-0.1128,-0.5502
17859086,-0.1263,-0.0914,9.8260,-0.3589,-0.0879,-0.4955
17859253,-0.1097,-0.0975,9.8476,-0.3398,-0.1992,-0.4755
17859419,-0.1259,-0.1018,9.8515,-0.3921,-0.1439,-0.5316
17859586,-0.1310,-0.0988,9.8351,-0.3955,-0.1544,-0.4838
17859753,-0.1124,-0.0884,9.8387,-0.3797,-0.1604,-0.5135
17859919,-0.1132,-0.0910,9.8329,-0.3257,-0.1762,-0.5122
17860086,-0.1242,-0.1071,9.8317,-0.4143,-0.1406,-0.5388
17860253,-0.1324,-0.1026,9.8322,-0.3569,-0.1084,-0.5500
17860419,-0.1193,-0.0921,9.8248,-0.3676,-0.1278,-0.5188
17860586,-0.1179,-0.0897,9.8333,-0.4015,-0.1349,-0.5148
17860753,-0.1162,-0.0985,9.8392,-0.3862,-0.1544,-0.5182
17860919,-0.1181,-0.0835,9.8186,-0.3774,-0.0535,-0.4821
17861086,-0.1307,-0.0967,9.8207,-0.3554,-0.1597,-0.5638
17861253,-0.1318,-0.1021,9.8279,-0.4086,-0.1563,-0.5783
17861419,-0.1154,-0.0962,9.8252,-0.4109,-0.1695,-0.5170
17861586,-0.1260,-0.0968,9.8270,-0.3651,-0.1605,-0.5304
17861753,-0.1215,-0.1009,9.8285,-0.4115,-0.1903,-0.5288
17861919,-0.1035,-0.0942,9.8298,-0.3808,-0.1741,-0.6172
17862086,-0.1271,-0.0970,9.8399,-0.3881,-0.1719,-0.5133
17862253,-0.1178,-0.0965,9.8273,-0.3926,-0.1431,-0.5238
17862419,-0.1139,-0.0972,9.8254,-0.3626,-0.0550,-0.5276
17862586,-0.1229,-0.0872,9.8368,-0.4309,-0.1612,-0.6207
17862753,-0.1102,-0.0940,9.8429,-0.4823,-0.1345,-0.5421
17862919,-0.1194,-0.1003,9.8488,-0.4281,-0.1576,-0.5341
17863086,-0.1287,-0.0904,9.8337,-0.3086,-0.2299,-0.4793
17863253,-0.1156,-0.0911,9.8310,-0.4207,-0.1618,-0.5187
17863419,-0.1303,-0.0942,9.8345,-0.3766,-0.0863,-0.5763
17863586,-0.1252,-0.1064,9.8345,-0.3997,-0.1154,-0.5329
17863753,-0.1146,-0.0904,9.8342,-0.3969,-0.1232,-0.5075
17863919,-0.1202,-0.0869,9.8444,-0.3878,-0.1465,-0.5374
17864086,-0.1036,-0.0936,9.8280,-0.4547,-0.1452,-0.5620
17864253,-0.1203,-0.0983,9.8353,-0.3013,-0.0780,-0.5064
17864419,-0.1187,-0.0906,9.8402,-0.3590,-0.0940,-0.5402
17864586,-0.1227,-0.0923,9.8175,-0.4832,-0.1398,-0.4918
17864753,-0.1284,-0.0963,9.8240,-0.4071,-0.1756,-0.5428
17864919,-0.1189,-0.1083,9.8320,-0.3850,-0.0774,-0.5156
17865086,-0.1233,-0.0972,9.8360,-0.3431,-0.1668,-0.5434
17865253,-0.1146,-0.0956,9.8303,-0.4306,-0.1914,-0.4855
17865419,-0.1283,-0.0873,9.8251,-0.4075,-0.0961,-0.5091
17865586,-0.1119,-0.0995,9.8329,-0.4134,-0.1502,-0.4754
17865753,-0.1218,-0.1014,9.8416,-0.4291,-0.1796,-0.5906
17865919,-0.1226,-0.1012,9.8314,-0.3558,-0.1584,-0.5473
17866086,-0.1227,-0.1020,9.8287,-0.4049,-0.1337,-0.5188
17866253,-0.1154,-0.0912,9.8365,-0.3328,-0.1594,-0.5117
17866419,-0.1269,-0.0924,9.8338,-0.3856,-0.1436,-0.4950
17866586,-0.1143,-0.0987,9.8305,-0.3713,-0.1349,-0.4886
17866753,-0.1150,-0.0914,9.8451,-0.4102,-0.1275,-0.5223
17866919,-0.1231,-0.0905,9.8334,-0.3898,-0.0968,-0.5793
17867086,-0.1322,-0.0902,9.8356,-0.3642,-0.1278,-0.5862
17867253,-0.1175,-0.0776,9.8310,-0.3548,-0.1417,-0.4914
17867420,-0.1142,-0.0997,9.8379,-0.4142,-0.1000,-0.5467
17867586,-0.1198,-0.0981,9.8443,-0.3649,-0.0866,-0.5346
17867753,-0.1289,-0.0997,9.8184,-0.3694,-0.0753,-0.5488
17867920,-0.1294,-0.0963,9.8348,-0.4129,-0.1100,-0.5608
17868086,-0.1229,-0.1044,9.8152,-0.4185,-0.1563,-0.4705
17868253,-0.1289,-0.0970,9.8295,-0.3624,-0.1650,-0.5572
17868420,-0.1202,-0.0909,9.8292,-0.3963,-0.0725,-0.5426
17868586,-0.1171,-0.0979,9.8326,-0.3837,-0.1214,-0.5316
17868753,-0.1288,-0.0972,9.8308,-0.3622,-0.1385,-0.5444
17868920,-0.1304,-0.0941,9.8241,-0.3992,-0.1750,-0.4983
17869086,-0.1221,-0.0932,9.8233,-0.3558,-0.2236,-0.5632
17869253,-0.1303,-0.0986,9.8450,-0.3752,-0.1979,-0.5054
17869420,-0.1169,-0.1071,9.8238,-0.3977,-0.1717,-0.5232
17869586,-0.1230,-0.0907,9.8231,-0.4468,-0.1260,-0.5490
17869753,-0.1233,-0.1052,9.8294,-0.4106,-0.1817,-0.5179
17869920,-0.1081,-0.0881,9.8185,-0.4178,-0.0858,-0.5571
17870086,-0.1233,-0.0912,9.8373,-0.4220,-0.1606,-0.5567
17870253,-0.1184,-0.1060,9.8361,-0.4804,-0.1324,-0.5136
17870420,-0.1331,-0.1035,9.8361,-0.3959,-0.1160,-0.5658
17870586,-0.1276,-0.0800,9.8314,-0.3726,-0.1396,-0.5460
17870753,-0.1313,-0.0982,9.8346,-0.3683,-0.0955,-0.4832
17870920,-0.1137,-0.0975,9.8255,-0.3639,-0.1675,-0.5666
17871086,-0.1060,-0.0900,9.8310,-0.3492,-0.1297,-0.5916
17871253,-0.1205,-0.0866,9.8237,-0.3843,-0.1793,-0.5359
17871420,-0.1216,-0.0804,9.8363,-0.3636,-0.1455,-0.4783
17871586,-0.1358,-0.0910,9.8269,-0.3973,-0.1382,-0.5171
17871753,-0.1229,-0.0928,9.8311,-0.3676,-0.1165,-0.5636
17871920,-0.1243,-0.0967,9.8161,-0.4069,-0.1136,-0.5491
17872086,-0.1245,-0.1048,9.8290,-0.5063,-0.1197,-0.5177
17872253,-0.1210,-0.1046,9.8330,-0.3969,-0.1498,-0.5661
17872420,-0.1175,-0.0973,9.8369,-0.3836,-0.1499,-0.5041
17872586,-0.1057,-0.0743,9.8298,-0.3810,-0.1137,-0.5808
17872753,-0.1216,-0.0929,9.8262,-0.4133,-0.1722,-0.5354
17872920,-0.1228,-0.0981,9.8368,-0.3817,-0.1648,-0.4923
17873086,-0.1214,-0.1003,9.8350,-0.4382,-0.1191,-0.4630
17873253,-0.1076,-0.0944,9.8334,-0.4341,-0.1389,-0.4217
17873420,-0.1313,-0.1051,9.8071,-0.4365,-0.1618,-0.4867
17873586,-0.1180,-0.0980,9.8343,-0.3569,-0.1374,-0.4978
17873753,-0.1112,-0.1039,9.8346,-0.3587,-0.0660,-0.5413
17873920,-0.1234,-0.0967,9.8110,-0.3530,-0.1529,-0.5745
17874086,-0.1232,-0.0957,9.8246,-0.3843,-0.1098,-0.5129
17874253,-0.1221,-0.0967,9.8358,-0.3545,-0.1545,-0.5318
17874420,-0.1229,-0.0891,9.8272,-0.4492,-0.1257,-0.5183
17874586,-0.1150,-0.0990,9.8327,-0.4148,-0.0422,-0.5033
17874753,-0.1227,-0.1033,9.8234,-0.4696,-0.1633,-0.4994
17874920,-0.1266,-0.0922,9.8382,-0.3948,-0.1114,-0.5444
17875086,-0.1193,-0.1009,9.8297,-0.3539,-0.1591,-0.5280
17875253,-0.1311,-0.1002,9.8295,-0.3942,-0.0714,-0.4993
17875420,-0.1243,-0.1028,9.8408,-0.4137,-0.1966,-0.5336
17875586,-0.1286,-0.1050,9.8297,-0.4271,-0.1556,-0.5389
17875753,-0.1210,-0.0974,9.8373,-0.3882,-0.1805,-0.5501
17875920,-0.1195,-0.1094,9.8335,-0.3950,-0.1555,-0.5444
17876086,-0.1223,-0.1079,9.8248,-0.3907,-0.0907,-0.5398
17876253,-0.1224,-0.0930,9.8329,-0.3717,-0.1636,-0.5740
17876420,-0.1284,-0.1050,9.8375,-0.3933,-0.1250,-0.5143
17876586,-0.1101,-0.1055,9.8372,-0.3661,-0.1850,-0.5175
17876753,-0.1092,-0.0996,9.8271,-0.4182,-0.0872,-0.5490
17876920,-0.1227,-0.1020,9.8378,-0.3902,-0.0872,-0.5666
17877086,-0.1233,-0.1006,9.8304,-0.3692,-0.1096,-0.5867
17877253,-0.1289,-0.0914,9.8381,-0.3716,-0.0827,-0.5395
17877420,-0.1228,-0.1018,9.8338,-0.4040,-0.1829,-0.5552
17877586,-0.1375,-0.0912,9.8327,-0.3810,-0.1348,-0.5315
17877753,-0.1226,-0.0899,9.8245,-0.4259,-0.0785,-0.5182
17877920,-0.1329,-0.0938,9.8352,-0.4057,-0.1018,-0.6096
17878086,-0.1171,-0.1034,9.8227,-0.2746,-0.1355,-0.5068
17878253,-0.1233,-0.0986,9.8326,-0.3745,-0.1415,-0.5526
17878420,-0.1230,-0.1121,9.8318,-0.3725,-0.1796,-0.4771
17878586,-0.1234,-0.0994,9.8504,-0.3558,-0.1278,-0.4771
17878753,-0.1148,-0.1021,9.8342,-0.3533,-0.1605,-0.5518
17878920,-0.1198,-0.1007,9.8247,-0.4688,-0.1274,-0.5139
17879086,-0.1283,-0.1037,9.8275,-0.4579,-0.1119,-0.5059
17879253,-0.1206,-0.1016,9.8262,-0.4062,-0.1438,-0.5086
17879420,-0.1150,-0.0941,9.8410,-0.3605,-0.1324,-0.4787
17879586,-0.1189,-0.0952,9.8420,-0.3681,-0.2027,-0.5205
17879753,-0.1306,-0.0946,9.8317,-0.3457,-0.2073,-0.5475
17879920,-0.1167,-0.1013,9.8233,-0.4168,-0.1811,-0.5254
17880086,-0.1329,-0.0986,9.8392,-0.3615,-0.1195,-0.5439
17880253,-0.1323,-0.0975,9.8441,-0.3806,-0.1494,-0.5504
17880420,-0.1324,-0.0979,9.8432,-0.3886,-0.1685,-0.5159
17880586,-0.1272,-0.0913,9.8378,-0.4353,-0.1595,-0.5141
17880753,-0.1232,-0.0966,9.8267,-0.3053,-0.2571,-0.5098
17880920,-0.1105,-0.0897,9.8365,-0.4136,-0.1525,-0.5068
17881086,-0.1296,-0.0941,9.8349,-0.3657,-0.1719,-0.5433
17881253,-0.1159,-0.0953,9.8221,-0.3845,-0.1995,-0.4924
17881420,-0.1204,-0.0951,9.8374,-0.4648,-0.1441,-0.5330
17881586,-0.1244,-0.1010,9.8242,-0.3993,-0.1303,-0.5674
17881753,-0.1279,-0.0942,9.8212,-0.4447,-0.0772,-0.5781
17881920,-0.1136,-0.1044,9.8461,-0.4185,-0.1760,-0.5292
17882086,-0.1240,-0.0815,9.8328,-0.4470,-0.1202,-0.4983
17882253,-0.1127,-0.1027,9.8182,-0.3136,-0.1665,-0.5161
17882420,-0.1174,-0.1012,9.8111,-0.3856,-0.1718,-0.4527
17882586,-0.1164,-0.0970,9.8307,-0.3768,-0.1317,-0.5447
17882753,-0.1157,-0.1023,9.8149,-0.4322,-0.1361,-0.5351
17882920,-0.1190,-0.0931,9.8260,-0.4223,-0.1911,-0.5272
17883086,-0.1109,-0.0943,9.8368,-0.3882,-0.1449,-0.5024
17883253,-0.1209,-0.1017,9.8366,-0.4500,-0.1171,-0.5477
17883420,-0.1241,-0.0905,9.8348,-0.3594,-0.1719,-0.4782
17883586,-0.1287,-0.0928,9.8273,-0.3644,-0.1656,-0.5214
17883753,-0.1156,-0.0919,9.8234,-0.3525,-0.1089,-0.5311
17883920,-0.1169,-0.1053,9.8215,-0.4016,-0.1318,-0.4959
17884087,-0.1265,-0.1006,9.8276,-0.3780,-0.1443,-0.5429
17884253,-0.1128,-0.0881,9.8416,-0.3715,-0.1490,-0.5121
17884420,-0.1288,-0.0971,9.8303,-0.3276,-0.1195,-0.5435
17884587,-0.1146,-0.0947,9.8388,-0.3733,-0.1165,-0.4593
17884753,-0.1232,-0.1059,9.8321,-0.3559,-0.1551,-0.5260
17884920,-0.1219,-0.0962,9.8215,-0.3928,-0.1815,-0.5466
17885087,-0.1150,-0.1076,9.8283,-0.4022,-0.0915,-0.5056
17885253,-0.1333,-0.0923,9.8344,-0.3875,-0.1666,-0.5162
17885420,-0.1187,-0.0901,9.8282,-0.4756,-0.1670,-0.5298
17885587,-0.1208,-0.0940,9.8247,-0.4075,-0.1418,-0.5196
17885753,-0.1098,-0.0961,9.8278,-0.4254,-0.1994,-0.5804
17885920,-0.1331,-0.0957,9.8287,-0.4011,-0.1493,-0.5446
17886087,-0.1230,-0.0798,9.8293,-0.3093,-0.1007,-0.5112
17886253,-0.1252,-0.0863,9.8202,-0.3531,-0.1315,-0.4927
17886420,-0.1096,-0.0990,9.8460,-0.4974,-0.1223,-0.5111
17886587,-0.1129,-0.0962,9.8318,-0.4540,-0.1498,-0.5388
17886753,-0.1283,-0.1024,9.8201,-0.3986,-0.1178,-0.5152
17886920,-0.1205,-0.0876,9.8392,-0.3671,-0.2080,-0.5178
17887087,-0.1156,-0.1029,9.8402,-0.3733,-0.0758,-0.5420
17887253,-0.1167,-0.0965,9.8234,-0.3291,-0.0733,-0.4464
17887420,-0.1001,-0.1078,9.8278,-0.3743,-0.1215,-0.5874
17887587,-0.1136,-0.1012,9.8389,-0.4474,-0.1035,-0.5041
17887753,-0.1208,-0.0899,9.8432,-0.3716,-0.1448,-0.4959
17887920,-0.1147,-0.0916,9.8402,-0.3733,-0.0726,-0.6417
17888087,-0.1370,-0.0917,9.8415,-0.3867,-0.1097,-0.5351
17888253,-0.1148,-0.0910,9.8359,-0.3803,-0.0984,-0.5331
17888420,-0.1206,-0.0993,9.8208,-0.4479,-0.0655,-0.5718
17888587,-0.1174,-0.0840,9.8279,-0.2795,-0.1574,-0.4891
17888753,-0.1316,-0.0822,9.8319,-0.4015,-0.1127,-0.5200
17888920,-0.1297,-0.1051,9.8297,-0.4490,-0.1067,-0.4778
17889087,-0.1173,-0.0923,9.8390,-0.4250,-0.1545,-0.5649
17889253,-0.1187,-0.1074,9.8153,-0.4794,-0.1345,-0.5243
17889420,-0.1243,-0.1048,9.8240,-0.4282,-0.1053,-0.5127
17889587,-0.1202,-0.1042,9.8290,-0.3605,-0.1176,-0.5213
17889753,-0.1199,-0.1007,9.8318,-0.3513,-0.1637,-0.5149
17889920,-0.1251,-0.0977,9.8360,-0.3974,-0.0782,-0.5202
17890087,-0.1227,-0.1046,9.8168,-0.3441,-0.1385,-0.5271
17890253,-0.1100,-0.0941,9.8316,-0.3646,-0.1378,-0.4908
17890420,-0.1235,-0.0900,9.8217,-0.4132,-0.1201,-0.5289
17890587,-0.1272,-0.0982,9.8278,-0.4396,-0.1417,-0.4562
17890753,-0.1131,-0.1015,9.8518,-0.4024,-0.1182,-0.5279
17890920,-0.1244,-0.0967,9.8464,-0.4392,-0.0499,-0.5101
17891087,-0.1151,-0.1004,9.8527,-0.4195,-0.1660,-0.4928
17891253,-0.1284,-0.0904,9.8340,-0.4206,-0.1725,-0.5275
17891420,-0.1251,-0.0933,9.8304,-0.4227,-0.1013,-0.5090
17891587,-0.1227,-0.0929,9.8309,-0.3327,-0.0877,-0.5593
17891753,-0.1204,-0.0953,9.8335,-0.3852,-0.1335,-0.4801
17891920,-0.1114,-0.1066,9.8310,-0.4244,-0.1015,-0.4767
17892087,-0.1278,-0.1007,9.8354,-0.3533,-0.1110,-0.5119
17892253,-0.1208,-0.0984,9.8316,-0.3873,-0.1475,-0.4853
17892420,-0.1129,-0.0957,9.8237,-0.3420,-0.0870,-0.5368
17892587,-0.1314,-0.1139,9.8299,-0.3896,-0.1290,-0.5466
17892753,-0.1175,-0.1035,9.8277,-0.3598,-0.1452,-0.5040
17892920,-0.1254,-0.0920,9.8257,-0.4363,-0.1331,-0.5413
17893087,-0.1186,-0.1070,9.8260,-0.3926,-0.1304,-0.4962
17893253,-0.1186,-0.1169,9.8297,-0.4927,-0.1545,-0.4466
17893420,-0.1361,-0.1036,9.8412,-0.3871,-0.1822,-0.5226
17893587,-0.1292,-0.0970,9.8361,-0.4165,-0.1822,-0.5049
17893753,-0.1208,-0.0936,9.8352,-0.3814,-0.0971,-0.5154
17893920,-0.1145,-0.0898,9.8280,-0.4233,-0.0873,-0.4962
17894087,-0.1114,-0.0860,9.8265,-0.4599,-0.1278,-0.5096
17894253,-0.1295,-0.1010,9.8236,-0.4132,-0.1345,-0.5193
17894420,-0.1210,-0.1038,9.8414,-0.3266,-0.1504,-0.5953
17894587,-0.1289,-0.0933,9.8309,-0.3604,-0.2011,-0.5202
17894753,-0.1174,-0.0886,9.8409,-0.4185,-0.1973,-0.4403
17894920,-0.1244,-0.0973,9.8365,-0.4180,-0.1020,-0.5636
17895087,-0.1161,-0.0904,9.8309,-0.4626,-0.1681,-0.5640
17895253,-0.1052,-0.0912,9.8275,-0.4747,-0.1289,-0.5408
17895420,-0.1230,-0.0955,9.8165,-0.3406,-0.0846,-0.5451
17895587,-0.1209,-0.0977,9.8157,-0.4200,-0.1477,-0.4590
17895753,-0.1201,-0.1032,9.8366,-0.4105,-0.1375,-0.5560
17895920,-0.1181,-0.0941,9.8383,-0.4293,-0.2309,-0.5274
17896087,-0.1165,-0.1023,9.8288,-0.3782,-0.2026,-0.5755
17896253,-0.1213,-0.0899,9.8181,-0.4346,-0.1920,-0.5471
17896420,-0.1183,-0.1012,9.8303,-0.3549,-0.1893,-0.5017
17896587,-0.1319,-0.0920,9.8335,-0.4007,-0.1680,-0.5876
17896753,-0.1278,-0.0993,9.8328,-0.3589,-0.0885,-0.4809
17896920,-0.1159,-0.1095,9.8276,-0.3959,-0.1325,-0.5262
17897087,-0.1322,-0.0914,9.8308,-0.3904,-0.1610,-0.5597
17897253,-0.1210,-0.1015,9.8289,-0.4005,-0.1732,-0.5404
17897420,-0.1240,-0.0969,9.8198,-0.3655,-0.0945,-0.5196
17897587,-0.1153,-0.0975,9.8454,-0.5169,-0.1629,-0.5111
17897753,-0.1163,-0.0965,9.8283,-0.3640,-0.0675,-0.5124
17897920,-0.1172,-0.0993,9.8445,-0.4889,-0.1127,-0.5060
17898087,-0.1251,-0.1026,9.8387,-0.3910,-0.1204,-0.5242
17898253,-0.1199,-0.0989,9.8309,-0.4176,-0.1261,-0.5622
17898420,-0.1322,-0.0992,9.8245,-0.4101,-0.1877,-0.5132
17898587,-0.1223,-0.0912,9.8375,-0.3523,-0.1556,-0.5179
17898753,-0.1223,-0.1009,9.8346,-0.3534,-0.1653,-0.5223
17898920,-0.1146,-0.1081,9.8339,-0.4377,-0.0949,-0.4922
17899087,-0.1211,-0.0954,9.8325,-0.3918,-0.1556,-0.5250
17899253,-0.1286,-0.0967,9.8485,-0.3748,-0.1678,-0.5276
17899420,-0.1212,-0.1024,9.8226,-0.3842,-0.0919,-0.5553
17899587,-0.1123,-0.0973,9.8255,-0.3808,-0.1483,-0.5473
17899753,-0.1275,-0.1000,9.8121,-0.3555,-0.0948,-0.4340
17899920,-0.1192,-0.0938,9.8346,-0.3348,-0.1290,-0.4568
17900087,-0.1199,-0.0946,9.8308,-0.4299,-0.1721,-0.5302
17900253,-0.1331,-0.1038,9.8232,-0.4017,-0.1819,-0.5103
17900420,-0.1259,-0.1020,9.8206,-0.3858,-0.1404,-0.5724
17900587,-0.1280,-0.0907,9.8341,-0.3232,-0.1791,-0.4943
17900754,-0.1249,-0.0974,9.8214,-0.3481,-0.1116,-0.5317
17900920,-0.1188,-0.0984,9.8196,-0.4007,-0.1661,-0.5447
17901087,-0.1176,-0.0977,9.8304,-0.4092,-0.1300,-0.5104
17901254,-0.1157,-0.1002,9.8321,-0.3882,-0.1441,-0.5111
17901420,-0.1189,-0.1112,9.8426,-0.4289,-0.1068,-0.5095
17901587,-0.1392,-0.0915,9.8457,-0.4542,-0.0736,-0.5596
17901754,-0.1182,-0.0938,9.8319,-0.4796,-0.0360,-0.5162
17901920,-0.1162,-0.0948,9.8326,-0.3098,-0.1063,-0.5305
17902087,-0.1235,-0.0938,9.8278,-0.3608,-0.0877,-0.4846
17902254,-0.1165,-0.0952,9.8392,-0.3506,-0.1152,-0.5444
17902420,-0.1206,-0.0967,9.8234,-0.3277,-0.1653,-0.5057
17902587,-0.1193,-0.1021,9.8358,-0.4289,-0.1988,-0.5139
17902754,-0.1188,-0.0985,9.8357,-0.4283,-0.0731,-0.5402
17902920,-0.1169,-0.0921,9.8344,-0.4114,-0.1493,-0.5096
17903087,-0.1133,-0.0944,9.8243,-0.3876,-0.0882,-0.5365
17903254,-0.1280,-0.0989,9.8407,-0.4713,-0.1547,-0.4978
17903420,-0.1280,-0.1002,9.8367,-0.4307,-0.1773,-0.5295
17903587,-0.1210,-0.1050,9.8394,-0.3069,-0.1974,-0.5249
17903754,-0.1186,-0.0963,9.8302,-0.3746,-0.1442,-0.5111
17903920,-0.1239,-0.1007,9.8152,-0.4154,-0.1801,-0.4947
17904087,-0.1158,-0.0877,9.8147,-0.4359,-0.2093,-0.5644
17904254,-0.1230,-0.0918,9.8269,-0.3317,-0.1170,-0.4710
17904420,-0.1193,-0.1056,9.8369,-0.3643,-0.0838,-0.4969
17904587,-0.1228,-0.0939,9.8385,-0.4006,-0.0750,-0.4047
17904754,-0.1226,-0.1055,9.8361,-0.3769,-0.1079,-0.4537
17904920,-0.1038,-0.0893,9.8378,-0.3840,-0.1100,-0.5317
17905087,-0.1247,-0.0889,9.8315,-0.3920,-0.2089,-0.4984
17905254,-0.1275,-0.0976,9.8496,-0.3419,-0.1506,-0.5374
17905420,-0.1195,-0.0950,9.8168,-0.4115,-0.1672,-0.5315
17905587,-0.1166,-0.0967,9.8234,-0.4341,-0.0979,-0.5159
17905754,-0.1278,-0.0907,9.8327,-0.3144,-0.1384,-0.5487
17905920,-0.1282,-0.0950,9.8164,-0.3703,-0.1401,-0.4812
17906087,-0.1202,-0.0959,9.8325,-0.3291,-0.1704,-0.5486
17906254,-0.1142,-0.1057,9.8270,-0.4388,-0.1058,-0.5161
17906420,-0.1227,-0.1014,9.8380,-0.4558,-0.1481,-0.5956
17906587,-0.1118,-0.1093,9.8358,-0.4866,-0.1828,-0.4571
17906754,-0.1197,-0.0992,9.8126,-0.3496,-0.1475,-0.4277
17906920,-0.1222,-0.1021,9.8208,-0.3835,-0.1295,-0.5166
17907087,-0.1239,-0.1001,9.8412,-0.3123,-0.0687,-0.4366
17907254,-0.1129,-0.0968,9.8320,-0.3588,-0.0981,-0.5401
17907420,-0.1207,-0.0949,9.8295,-0.4188,-0.1462,-0.5371
17907587,-0.1138,-0.1103,9.8202,-0.4219,-0.0744,-0.5714
17907754,-0.1238,-0.0995,9.8369,-0.3781,-0.0614,-0.4715
17907920,-0.1191,-0.0851,9.8418,-0.3806,-0.1127,-0.5322
17908087,-0.1154,-0.0955,9.8067,-0.3496,-0.1165,-0.5013
17908254,-0.1234,-0.1014,9.8353,-0.4264,-0.1718,-0.5296
17908420,-0.1159,-0.1088,9.8318,-0.3898,-0.2010,-0.4362
17908587,-0.1239,-0.0928,9.8260,-0.3836,-0.1857,-0.4758
17908754,-0.1212,-0.1072,9.8381,-0.3774,-0.1222,-0.5378
17908920,-0.1285,-0.0914,9.8249,-0.4143,-0.1140,-0.5721
17909087,-0.1272,-0.1042,9.8151,-0.4158,-0.1477,-0.4915
17909254,-0.1251,-0.1004,9.8344,-0.3513,-0.1147,-0.5239
17909420,-0.1228,-0.0977,9.8361,-0.3898,-0.1257,-0.5457
17909587,-0.1125,-0.0893,9.8335,-0.4237,-0.1270,-0.5432
17909754,-0.1235,-0.1043,9.8372,-0.3733,-0.1121,-0.5797
17909920,-0.1254,-0.0853,9.8330,-0.4290,-0.2086,-0.4824
17910087,-0.1205,-0.1048,9.8263,-0.4344,-0.1108,-0.4648
17910254,-0.1170,-0.0885,9.8356,-0.4294,-0.1662,-0.5398
17910420,-0.1152,-0.0958,9.8331,-0.3582,-0.1157,-0.5859
17910587,-0.1284,-0.0976,9.8193,-0.4117,-0.1095,-0.5537
17910754,-0.1357,-0.0886,9.8303,-0.4050,-0.1349,-0.5076
17910920,-0.1160,-0.1090,9.8384,-0.3882,-0.1394,-0.5219
17911087,-0.1165,-0.1025,9.8346,-0.3426,-0.1737,-0.5750
17911254,-0.1293,-0.1043,9.8265,-0.3309,-0.1503,-0.5179
17911420,-0.1298,-0.0962,9.8238,-0.3287,-0.1674,-0.5609
17911587,-0.1182,-0.0927,9.8345,-0.3781,-0.0990,-0.5222
17911754,-0.1163,-0.0933,9.8172,-0.3846,-0.2081,-0.5764
17911920,-0.1247,-0.0834,9.8375,-0.3997,-0.1016,-0.4905
17912087,-0.1270,-0.0949,9.8246,-0.4045,-0.1266,-0.6012
17912254,-0.1109,-0.0906,9.8388,-0.4623,-0.1895,-0.5889
17912420,-0.1181,-0.1105,9.8329,-0.3686,-0.1315,-0.4789
17912587,-0.1336,-0.0975,9.8404,-0.4531,-0.1290,-0.5548
17912754,-0.1148,-0.0825,9.8292,-0.3898,-0.1804,-0.5352
17912920,-0.1128,-0.0942,9.8256,-0.3543,-0.1669,-0.5128
17913087,-0.1219,-0.1075,9.8338,-0.3735,-0.1209,-0.4746
17913254,-0.1250,-0.0928,9.8360,-0.3728,-0.1268,-0.5479
17913420,-0.1213,-0.0893,9.8340,-0.3675,-0.2052,-0.5363
17913587,-0.1218,-0.0979,9.8342,-0.4041,-0.0869,-0.5305
17913754,-0.1238,-0.0877,9.8384,-0.3800,-0.1207,-0.5352
17913920,-0.1239,-0.1000,9.8228,-0.3221,-0.1074,-0.5141
17914087,-0.1096,-0.0946,9.8400,-0.3780,-0.1647,-0.5377
17914254,-0.1235,-0.0986,9.8285,-0.4051,-0.1474,-0.5310
17914420,-0.1282,-0.1024,9.8430,-0.3565,-0.1317,-0.5126
17914587,-0.1228,-0.1053,9.8379,-0.4225,-0.1275,-0.4976
17914754,-0.1274,-0.0900,9.8355,-0.3897,-0.1597,-0.5410
17914920,-0.1153,-0.1004,9.8209,-0.4220,-0.1421,-0.5511
17915087,-0.1311,-0.1051,9.8324,-0.3604,-0.1446,-0.5508
17915254,-0.1109,-0.0949,9.8340,-0.3953,-0.1719,-0.5744
17915420,-0.1098,-0.0937,9.8249,-0.4123,-0.1924,-0.4742
17915587,-0.1201,-0.1062,9.8335,-0.3985,-0.1126,-0.4923
17915754,-0.1252,-0.0875,9.8464,-0.3951,-0.1272,-0.5162
17915920,-0.1225,-0.0946,9.8335,-0.3349,-0.0692,-0.5056
17916087,-0.1119,-0.0971,9.8305,-0.3818,-0.0598,-0.5005
17916254,-0.1169,-0.0859,9.8412,-0.4688,-0.1361,-0.5165
17916420,-0.1111,-0.0736,9.8413,-0.3877,-0.0698,-0.5445
17916587,-0.1172,-0.0955,9.8365,-0.3845,-0.0731,-0.4672
17916754,-0.1237,-0.0925,9.8237,-0.3474,-0.0870,-0.5071
17916920,-0.1309,-0.1004,9.8295,-0.4695,-0.0796,-0.4378
17917087,-0.1314,-0.1015,9.8299,-0.3705,-0.1169,-0.4749
17917254,-0.1280,-0.0894,9.8382,-0.3853,-0.1684,-0.4924
17917421,-0.1264,-0.0945,9.8306,-0.4296,-0.1984,-0.5902
17917587,-0.1198,-0.0939,9.8340,-0.3822,-0.1648,-0.5201
17917754,-0.1287,-0.0939,9.8384,-0.3454,-0.1830,-0.4881
17917921,-0.1282,-0.0982,9.8338,-0.3902,-0.1780,-0.5749
17918087,-0.1315,-0.0991,9.8479,-0.3698,-0.1358,-0.5006
17918254,-0.1108,-0.1048,9.8277,-0.3907,-0.1422,-0.5423
17918421,-0.1248,-0.1011,9.8340,-0.4210,-0.1786,-0.5184
17918587,-0.1220,-0.0933,9.8397,-0.4753,-0.0981,-0.5070
17918754,-0.1115,-0.1000,9.8364,-0.3530,-0.1620,-0.4512
17918921,-0.1085,-0.0929,9.8248,-0.4114,-0.1453,-0.5027
17919087,-0.1204,-0.0973,9.8280,-0.4223,-0.1433,-0.4975
17919254,-0.1288,-0.0954,9.8194,-0.3566,-0.1793,-0.5056
17919421,-0.1299,-0.0864,9.8391,-0.4286,-0.0901,-0.4649
17919587,-0.1205,-0.0888,9.8240,-0.4608,-0.1406,-0.4906
17919754,-0.1209,-0.1124,9.8377,-0.4044,-0.0995,-0.4981
17919921,-0.1315,-0.0988,9.8339,-0.4418,-0.1494,-0.5306
17920087,-0.1185,-0.1024,9.8166,-0.4216,-0.0860,-0.5009
17920254,-0.1243,-0.0881,9.8355,-0.3531,-0.1688,-0.4652
17920421,-0.1305,-0.0923,9.8344,-0.4553,-0.0777,-0.5630
17920587,-0.1186,-0.0988,9.8293,-0.3521,-0.1501,-0.5043
17920754,-0.1268,-0.0961,9.8258,-0.3833,-0.1012,-0.4572
17920921,-0.1215,-0.0985,9.8403,-0.2941,-0.1501,-0.6008
17921087,-0.1251,-0.0966,9.8372,-0.4063,-0.1215,-0.5307
17921254,-0.1255,-0.1016,9.8302,-0.3837,-0.0911,-0.5422
17921421,-0.1220,-0.1055,9.8166,-0.4439,-0.0886,-0.5604
17921587,-0.1250,-0.1016,9.8294,-0.3384,-0.1331,-0.5783
17921754,-0.1197,-0.0910,9.8421,-0.3844,-0.1297,-0.5593
17921921,-0.1250,-0.0942,9.8289,-0.4368,-0.0928,-0.5757
17922087,-0.1187,-0.1028,9.8419,-0.3844,-0.1147,-0.5341
17922254,-0.1232,-0.1058,9.8389,-0.4313,-0.1591,-0.5631
17922421,-0.1243,-0.1062,9.8291,-0.3243,-0.1205,-0.5335
17922587,-0.1236,-0.1052,9.8139,-0.3111,-0.1030,-0.5559
17922754,-0.1220,-0.1004,9.8238,-0.3673,-0.1305,-0.5051
17922921,-0.1237,-0.1027,9.8234,-0.3144,-0.1581,-0.5087
17923087,-0.1312,-0.0926,9.8457,-0.3687,-0.1001,-0.5167
17923254,-0.1229,-0.0952,9.8307,-0.4255,-0.1909,-0.5864
17923421,-0.1219,-0.1046,9.8412,-0.3825,-0.1524,-0.5255
17923587,-0.1216,-0.0868,9.8398,-0.3330,-0.1177,-0.5397
17923754,-0.1175,-0.1035,9.8397,-0.4092,-0.2246,-0.4712
17923921,-0.1302,-0.0922,9.8329,-0.4069,-0.1167,-0.4855
17924087,-0.1269,-0.1020,9.8302,-0.4191,-0.1466,-0.5059
17924254,-0.1232,-0.0972,9.8298,-0.4518,-0.1812,-0.5361
17924421,-0.1181,-0.0888,9.8381,-0.4540,-0.1924,-0.5757
17924587,-0.1228,-0.1082,9.8278,-0.3544,-0.1198,-0.4810
17924754,-0.1215,-0.0898,9.8323,-0.4167,-0.1842,-0.5317
17924921,-0.1137,-0.0964,9.8243,-0.3151,-0.1270,-0.5067
17925087,-0.1224,-0.0916,9.8347,-0.4143,-0.1729,-0.5237
17925254,-0.1241,-0.0951,9.8242,-0.3391,-0.1283,-0.5685
17925421,-0.1355,-0.1077,9.8257,-0.4244,-0.1381,-0.5259
17925587,-0.1316,-0.0878,9.8207,-0.3945,-0.1869,-0.5932
17925754,-0.1279,-0.0964,9.8251,-0.3695,-0.1040,-0.4358
17925921,-0.1287,-0.1025,9.8350,-0.3774,-0.1368,-0.5260
17926087,-0.1321,-0.1141,9.8271,-0.3664,-0.1024,-0.5491
17926254,-0.1202,-0.0984,9.8188,-0.3614,-0.1213,-0.5744
17926421,-0.1105,-0.1108,9.8440,-0.3951,-0.2120,-0.5503
17926587,-0.1140,-0.0991,9.8438,-0.4485,-0.0671,-0.5457
17926754,-0.1268,-0.1088,9.8310,-0.3777,-0.1403,-0.5451
17926921,-0.1148,-0.1146,9.8315,-0.3831,-0.1045,-0.5285
17927087,-0.1160,-0.0883,9.8284,-0.3357,-0.1293,-0.5367
17927254,-0.1305,-0.1065,9.8296,-0.3782,-0.1229,-0.4940
17927421,-0.1188,-0.1021,9.8365,-0.3883,-0.1463,-0.5462
17927587,-0.1169,-0.0934,9.8346,-0.4179,-0.1738,-0.5236
17927754,-0.1086,-0.1051,9.8466,-0.4522,-0.1895,-0.5323
17927921,-0.1210,-0.1017,9.8262,-0.4318,-0.1355,-0.5556
17928087,-0.1367,-0.0996,9.8416,-0.3697,-0.1509,-0.5593
17928254,-0.1281,-0.1051,9.8471,-0.3524,-0.1524,-0.5951
17928421,-0.1135,-0.0937,9.8301,-0.4190,-0.1498,-0.4786
17928587,-0.1254,-0.1054,9.8270,-0.3333,-0.1398,-0.5794
17928754,-0.1194,-0.0918,9.8323,-0.4334,-0.0842,-0.4927
17928921,-0.1280,-0.0941,9.8171,-0.4133,-0.1362,-0.5658
17929087,-0.1236,-0.1033,9.8229,-0.3701,-0.1071,-0.4689
17929254,-0.1200,-0.0952,9.8268,-0.4768,-0.1339,-0.5301
17929421,-0.1230,-0.0972,9.8417,-0.4189,-0.1167,-0.5127
17929587,-0.1176,-0.0862,9.8519,-0.3783,-0.1627,-0.5557
17929754,-0.1247,-0.0912,9.8202,-0.4394,-0.1418,-0.5073
17929921,-0.1294,-0.0880,9.8274,-0.3388,-0.1532,-0.5479
17930087,-0.1201,-0.0987,9.8451,-0.3620,-0.1560,-0.4940
17930254,-0.1061,-0.1015,9.8452,-0.4073,-0.0944,-0.5144
17930421,-0.1228,-0.0918,9.8392,-0.3397,-0.1587,-0.4851
17930587,-0.1308,-0.0834,9.8224,-0.2862,-0.0385,-0.5501
17930754,-0.1237,-0.1038,9.8227,-0.4049,-0.1769,-0.5703
17930921,-0.1139,-0.0882,9.8403,-0.3168,-0.1676,-0.4699
17931087,-0.1225,-0.0880,9.8403,-0.4131,-0.1338,-0.4763
17931254,-0.1155,-0.1039,9.8352,-0.4520,-0.1074,-0.5376
17931421,-0.1230,-0.1012,9.8243,-0.3180,-0.1292,-0.5002
17931587,-0.1289,-0.0976,9.8212,-0.3579,-0.0679,-0.5329
17931754,-0.1154,-0.0922,9.8286,-0.2914,-0.1232,-0.4588
17931921,-0.1285,-0.1025,9.8474,-0.4848,-0.1353,-0.4930
17932087,-0.1179,-0.0997,9.8230,-0.4350,-0.1324,-0.5176
17932254,-0.1199,-0.1046,9.8242,-0.3061,-0.0777,-0.4983
17932421,-0.1216,-0.0842,9.8278,-0.3358,-0.1523,-0.5398
17932587,-0.1168,-0.0957,9.8435,-0.3725,-0.0858,-0.5070
17932754,-0.1155,-0.0977,9.8393,-0.3668,-0.1345,-0.5434
17932921,-0.1163,-0.1072,9.8313,-0.4307,-0.1288,-0.5317
17933087,-0.1163,-0.0990,9.8247,-0.3631,-0.1642,-0.5036
17933254,-0.1200,-0.0999,9.8306,-0.3432,-0.1720,-0.5906
17933421,-0.1244,-0.0843,9.8288,-0.3902,-0.1381,-0.5557
17933587,-0.1192,-0.0884,9.8184,-0.3924,-0.2144,-0.5352
17933754,-0.1245,-0.1020,9.8391,-0.4696,-0.1446,-0.5316
17933921,-0.1223,-0.1001,9.8201,-0.3833,-0.1346,-0.5014
17934088,-0.1224,-0.0882,9.8374,-0.3591,-0.1136,-0.5296
17934254,-0.1154,-0.0969,9.8288,-0.3481,-0.1970,-0.5179
17934421,-0.1229,-0.0935,9.8359,-0.4020,-0.1813,-0.5927
17934588,-0.1215,-0.1003,9.8428,-0.3781,-0.1315,-0.5349
17934754,-0.1250,-0.1014,9.8306,-0.4120,-0.1625,-0.5637
17934921,-0.1152,-0.1015,9.8164,-0.4564,-0.1319,-0.4744
17935088,-0.1153,-0.0911,9.8489,-0.4837,-0.1545,-0.5227
17935254,-0.1360,-0.0953,9.8332,-0.4050,-0.1095,-0.5272
17935421,-0.1328,-0.0960,9.8226,-0.3774,-0.1614,-0.5436
17935588,-0.1199,-0.0982,9.8342,-0.3928,-0.1209,-0.5708
17935754,-0.1287,-0.0937,9.8290,-0.3372,-0.0969,-0.5508
17935921,-0.1191,-0.0929,9.8327,-0.3603,-0.0859,-0.4778
17936088,-0.1235,-0.1004,9.8322,-0.3801,-0.0861,-0.5700
17936254,-0.1165,-0.0778,9.8151,-0.3835,-0.1349,-0.4884
17936421,-0.1220,-0.0906,9.8323,-0.4019,-0.1279,-0.5115
17936588,-0.1242,-0.1018,9.8236,-0.3838,-0.0908,-0.5488
17936754,-0.1278,-0.0929,9.8211,-0.4385,-0.1834,-0.5032
17936921,-0.1232,-0.0921,9.8348,-0.3972,-0.1466,-0.4618
17937088,-0.1142,-0.0998,9.8468,-0.3948,-0.2244,-0.5339
17937254,-0.1255,-0.0871,9.8352,-0.4429,-0.1272,-0.5506
17937421,-0.1091,-0.1053,9.8241,-0.4175,-0.1040,-0.5254
17937588,-0.1269,-0.0990,9.8218,-0.3609,-0.1663,-0.5367
17937754,-0.1220,-0.0957,9.8378,-0.4364,-0.1734,-0.5672
17937921,-0.1189,-0.0977,9.8352,-0.3580,-0.1544,-0.5358
17938088,-0.1125,-0.1025,9.8508,-0.3691,-0.0822,-0.5152
17938254,-0.1332,-0.0865,9.8354,-0.4251,-0.1319,-0.4578
17938421,-0.1170,-0.0939,9.8373,-0.3485,-0.1433,-0.5804
17938588,-0.1180,-0.0873,9.8346,-0.3571,-0.0934,-0.5397
17938754,-0.1220,-0.0983,9.8291,-0.3612,-0.1462,-0.5331
17938921,-0.1219,-0.0998,9.8320,-0.4540,-0.1747,-0.5051
17939088,-0.1168,-0.0983,9.8330,-0.4161,-0.1062,-0.4796
17939254,-0.1092,-0.0959,9.8301,-0.3466,-0.1078,-0.5580
17939421,-0.1397,-0.1023,9.8454,-0.3842,-0.0728,-0.5013
17939588,-0.1216,-0.0908,9.8379,-0.4063,-0.1434,-0.5752
17939754,-0.1249,-0.1069,9.8294,-0.3400,-0.1732,-0.5059
17939921,-0.1244,-0.1033,9.8399,-0.4137,-0.1467,-0.5362
17940088,-0.1131,-0.0966,9.8304,-0.3353,-0.1555,-0.5212
17940254,-0.1131,-0.0918,9.8236,-0.3539,-0.0775,-0.5628
17940421,-0.1220,-0.0934,9.8241,-0.2821,-0.1547,-0.5398
17940588,-0.1341,-0.0946,9.8428,-0.4622,-0.1751,-0.5624
17940754,-0.1138,-0.0863,9.8325,-0.4156,-0.1513,-0.6027
17940921,-0.1289,-0.0966,9.8452,-0.3881,-0.1199,-0.6397
17941088,-0.1282,-0.1016,9.8421,-0.4898,-0.1245,-0.5296
17941254,-0.1183,-0.0947,9.8294,-0.4064,-0.1598,-0.5530
17941421,-0.1325,-0.1086,9.8288,-0.3702,-0.1429,-0.5543
17941588,-0.1247,-0.0794,9.8202,-0.3739,-0.1255,-0.5136
17941754,-0.1163,-0.0952,9.8342,-0.3746,-0.1148,-0.4094
17941921,-0.1187,-0.0924,9.8396,-0.4800,-0.1615,-0.5260
17942088,-0.1272,-0.0974,9.8387,-0.3697,-0.1751,-0.5305
17942254,-0.1261,-0.0973,9.8376,-0.4280,-0.0781,-0.4714
17942421,-0.1170,-0.0946,9.8152,-0.4656,-0.1566,-0.5054
17942588,-0.1254,-0.1004,9.8319,-0.3324,-0.1289,-0.5029
17942754,-0.1248,-0.0872,9.8240,-0.3625,-0.1770,-0.5321
17942921,-0.1180,-0.0912,9.8354,-0.4548,-0.0700,-0.5797
17943088,-0.1236,-0.0998,9.8313,-0.4196,-0.0473,-0.5385
17943254,-0.1202,-0.0984,9.8184,-0.4341,-0.1561,-0.5738
17943421,-0.1165,-0.1031,9.8236,-0.3872,-0.0836,-0.5236
17943588,-0.1216,-0.1009,9.8367,-0.3618,-0.1422,-0.5067
17943754,-0.1266,-0.1085,9.8341,-0.3971,-0.1281,-0.5846
17943921,-0.1255,-0.0978,9.8362,-0.3121,-0.1462,-0.5342
17944088,-0.1204,-0.0945,9.8370,-0.3320,-0.1767,-0.5250
17944254,-0.1115,-0.0998,9.8411,-0.4049,-0.1073,-0.4834
17944421,-0.1245,-0.0878,9.8420,-0.4131,-0.1166,-0.5210
17944588,-0.1254,-0.1019,9.8167,-0.3707,-0.1760,-0.5410
17944754,-0.1311,-0.1064,9.8400,-0.3988,-0.1364,-0.5553
17944921,-0.1174,-0.0816,9.8324,-0.4151,-0.1241,-0.5248
17945088,-0.1135,-0.1008,9.8242,-0.3571,-0.1816,-0.6294
17945254,-0.1250,-0.0883,9.8338,-0.3582,-0.2169,-0.5105
17945421,-0.1326,-0.0878,9.8318,-0.3424,-0.0926,-0.6002
17945588,-0.1213,-0.1060,9.8222,-0.3361,-0.0637,-0.4695
17945754,-0.1291,-0.1046,9.8387,-0.3965,-0.2088,-0.5210
17945921,-0.1110,-0.0862,9.8225,-0.4653,-0.1154,-0.5420
17946088,-0.1231,-0.0880,9.8282,-0.3804,-0.1316,-0.5020
17946254,-0.1234,-0.0937,9.8323,-0.4075,-0.0918,-0.5966
17946421,-0.1280,-0.1013,9.8177,-0.3850,-0.1361,-0.5602
17946588,-0.1143,-0.1025,9.8389,-0.4136,-0.1130,-0.5216
17946754,-0.1185,-0.0958,9.8314,-0.4294,-0.1067,-0.5819
17946921,-0.1307,-0.0971,9.8409,-0.3925,-0.1118,-0.5288
17947088,-0.1134,-0.0974,9.8553,-0.4095,-0.1262,-0.5217
17947254,-0.1312,-0.1050,9.8274,-0.4084,-0.1488,-0.5906
17947421,-0.1236,-0.0952,9.8357,-0.3763,-0.1222,-0.5648
17947588,-0.1272,-0.0921,9.8266,-0.3661,-0.1709,-0.5746
17947754,-0.1323,-0.1010,9.8472,-0.3698,-0.1719,-0.4675
17947921,-0.1221,-0.1084,9.8408,-0.3832,-0.1567,-0.5522
17948088,-0.1014,-0.0974,9.8310,-0.3641,-0.1692,-0.5271
17948254,-0.1154,-0.0993,9.8280,-0.3807,-0.1268,-0.5848
17948421,-0.1235,-0.0976,9.8093,-0.4335,-0.0703,-0.5629
17948588,-0.1296,-0.0872,9.8154,-0.3634,-0.2360,-0.5407
17948754,-0.1169,-0.0980,9.8395,-0.4100,-0.1708,-0.5437
17948921,-0.1267,-0.0968,9.8278,-0.3896,-0.1121,-0.5189
17949088,-0.1163,-0.0973,9.8403,-0.3682,-0.1922,-0.6226
17949254,-0.1275,-0.0992,9.8367,-0.3543,-0.1606,-0.5483
17949421,-0.1164,-0.0922,9.8224,-0.4116,-0.1986,-0.5158
17949588,-0.1222,-0.0941,9.8387,-0.4649,-0.1160,-0.5471
17949754,-0.1309,-0.0946,9.8305,-0.3987,-0.1705,-0.4632
17949921,-0.1246,-0.0995,9.8349,-0.3769,-0.1001,-0.4983
17950088,-0.1333,-0.0991,9.8320,-0.4359,-0.1204,-0.5214
17950254,-0.1283,-0.0960,9.8209,-0.4320,-0.1052,-0.5395
17950421,-0.1241,-0.1009,9.8362,-0.4046,-0.1170,-0.4828
17950588,-0.1288,-0.0995,9.8305,-0.3139,-0.1523,-0.5510
17950755,-0.1273,-0.0953,9.8298,-0.3282,-0.1336,-0.5352
17950921,-0.1234,-0.0908,9.8385,-0.3811,-0.1224,-0.5583
17951088,-0.1034,-0.1047,9.8251,-0.3967,-0.1119,-0.5749
17951255,-0.1284,-0.0915,9.8302,-0.3725,-0.1323,-0.5435
17951421,-0.1321,-0.0881,9.8395,-0.3414,-0.1913,-0.5843
17951588,-0.1180,-0.0983,9.8364,-0.3809,-0.1269,-0.5528
17951755,-0.1187,-0.0904,9.8254,-0.3202,-0.1218,-0.5598
17951921,-0.1210,-0.1014,9.8219,-0.4049,-0.0888,-0.6205
17952088,-0.1251,-0.1002,9.8360,-0.3761,-0.1591,-0.4930
17952255,-0.1329,-0.0840,9.8259,-0.3385,-0.2196,-0.5593
17952421,-0.1452,-0.0998,9.8325,-0.3824,-0.1418,-0.5086
17952588,-0.1309,-0.0970,9.8255,-0.4718,-0.1314,-0.4948
17952755,-0.1302,-0.1000,9.8389,-0.4282,-0.0694,-0.5346
17952921,-0.1201,-0.0968,9.8320,-0.3921,-0.1105,-0.5394
17953088,-0.1173,-0.1032,9.8281,-0.3958,-0.1633,-0.4997
17953255,-0.1276,-0.0910,9.8290,-0.4247,-0.2136,-0.5708
17953421,-0.1225,-0.0977,9.8285,-0.3563,-0.0932,-0.4862
17953588,-0.1210,-0.1064,9.8205,-0.4657,-0.1341,-0.5639
17953755,-0.1165,-0.0891,9.8143,-0.3946,-0.1352,-0.4809
17953921,-0.1312,-0.1001,9.8281,-0.3353,-0.1462,-0.4994
17954088,-0.1255,-0.1030,9.8329,-0.4234,-0.1649,-0.5212
17954255,-0.1183,-0.0992,9.8489,-0.3916,-0.0934,-0.5375
17954421,-0.1162,-0.0963,9.8391,-0.3010,-0.1406,-0.5442
17954588,-0.1166,-0.0990,9.8519,-0.4221,-0.1549,-0.5649
17954755,-0.1204,-0.1012,9.8222,-0.3754,-0.0840,-0.5235
17954921,-0.1276,-0.0951,9.8286,-0.4325,-0.1442,-0.5078
17955088,-0.1326,-0.1045,9.8316,-0.3892,-0.1648,-0.5040
17955255,-0.1165,-0.0974,9.8305,-0.4751,-0.0693,-0.5454
17955421,-0.1226,-0.0836,9.8273,-0.4076,-0.1518,-0.5215
17955588,-0.1259,-0.0910,9.8522,-0.4215,-0.0697,-0.6063
17955755,-0.1210,-0.1065,9.8272,-0.3938,-0.1779,-0.5264
17955921,-0.1200,-0.0938,9.8254,-0.3823,-0.0807,-0.5772
17956088,-0.1200,-0.0938,9.8239,-0.3959,-0.1293,-0.5284
17956255,-0.1189,-0.0896,9.8447,-0.3895,-0.1182,-0.5599
17956421,-0.1224,-0.0991,9.8209,-0.4043,-0.1661,-0.5077
17956588,-0.1191,-0.1063,9.8281,-0.4047,-0.1421,-0.5729
17956755,-0.1220,-0.1102,9.8296,-0.3954,-0.1169,-0.5237
17956921,-0.1207,-0.0910,9.8336,-0.3984,-0.1638,-0.5664
17957088,-0.1209,-0.1053,9.8450,-0.3877,-0.1781,-0.5664
17957255,-0.1321,-0.0978,9.8243,-0.4025,-0.1300,-0.5172
17957421,-0.1268,-0.1003,9.8297,-0.5024,-0.2370,-0.5117
17957588,-0.1314,-0.0958,9.8364,-0.3978,-0.1196,-0.4907
17957755,-0.1261,-0.1048,9.8318,-0.4272,-0.1359,-0.5626
17957921,-0.1236,-0.0934,9.8385,-0.4502,-0.1105,-0.5127
17958088,-0.1090,-0.0955,9.8233,-0.3208,-0.0864,-0.4686
17958255,-0.1254,-0.1033,9.8302,-0.3498,-0.0696,-0.5093
17958421,-0.1326,-0.1014,9.8227,-0.4265,-0.0834,-0.5056
17958588,-0.1231,-0.0964,9.8162,-0.3846,-0.1010,-0.5008
17958755,-0.1305,-0.1199,9.8322,-0.3360,-0.1504,-0.5440
17958921,-0.1153,-0.0997,9.8412,-0.3544,-0.1417,-0.5814
17959088,-0.1227,-0.1080,9.8204,-0.4074,-0.1140,-0.4937
17959255,-0.1222,-0.0967,9.8351,-0.4154,-0.1539,-0.5746
17959421,-0.1398,-0.1077,9.8367,-0.3720,-0.0473,-0.5189
17959588,-0.1177,-0.0900,9.8375,-0.3997,-0.1174,-0.4845
17959755,-0.1276,-0.0960,9.8293,-0.3291,-0.1525,-0.6051
17959921,-0.1254,-0.1063,9.8363,-0.4089,-0.0521,-0.5299
17960088,-0.1175,-0.1016,9.8248,-0.4163,-0.1065,-0.4909
17960255,-0.1202,-0.0947,9.8304,-0.3781,-0.1215,-0.5731
17960421,-0.1287,-0.0945,9.8365,-0.4728,-0.1981,-0.5172
17960588,-0.1198,-0.1011,9.8303,-0.3977,-0.1512,-0.5192
17960755,-0.1182,-0.0914,9.8479,-0.3782,-0.1403,-0.5125
17960921,-0.1125,-0.0955,9.8320,-0.3953,-0.1712,-0.5270
17961088,-0.1187,-0.0972,9.8225,-0.4172,-0.1819,-0.5685
17961255,-0.1122,-0.1018,9.8340,-0.4168,-0.1704,-0.4951
17961421,-0.1374,-0.0924,9.8349,-0.4179,-0.0955,-0.5062
17961588,-0.1210,-0.0940,9.8264,-0.3712,-0.2361,-0.5066
17961755,-0.1233,-0.0884,9.8466,-0.3540,-0.1720,-0.5509
17961921,-0.1229,-0.0908,9.8382,-0.4168,-0.0673,-0.5035
17962088,-0.1264,-0.0947,9.8355,-0.3574,-0.1254,-0.5393
17962255,-0.1168,-0.0908,9.8159,-0.3688,-0.1308,-0.5505
17962421,-0.1166,-0.1039,9.8354,-0.4430,-0.1239,-0.5712
17962588,-0.1146,-0.1027,9.8263,-0.3844,-0.1391,-0.4432
17962755,-0.1187,-0.0920,9.8287,-0.3662,-0.1155,-0.5068
17962921,-0.1278,-0.0960,9.8369,-0.3790,-0.0960,-0.6020
17963088,-0.1228,-0.1049,9.8251,-0.3331,-0.1487,-0.5840
17963255,-0.1263,-0.0967,9.8303,-0.4049,-0.1069,-0.4892
17963421,-0.1175,-0.0989,9.8398,-0.3980,-0.1640,-0.5444
17963588,-0.1162,-0.0924,9.8289,-0.4416,-0.2116,-0.5204
17963755,-0.1225,-0.0938,9.8311,-0.4460,-0.1169,-0.5140
17963921,-0.1213,-0.0944,9.8337,-0.3928,-0.1111,-0.5368
17964088,-0.1289,-0.1006,9.8298,-0.4411,-0.2016,-0.5187
17964255,-0.1255,-0.1012,9.8328,-0.2946,-0.1187,-0.5071
17964421,-0.1130,-0.0848,9.8192,-0.3793,-0.0956,-0.4869
17964588,-0.1201,-0.0964,9.8422,-0.3384,-0.1441,-0.5401
17964755,-0.1320,-0.0928,9.8356,-0.3696,-0.1155,-0.4868
17964921,-0.1198,-0.0969,9.8246,-0.3951,-0.2065,-0.5356
17965088,-0.1152,-0.1031,9.8461,-0.4253,-0.1083,-0.5587
17965255,-0.1161,-0.0993,9.8346,-0.3504,-0.1444,-0.5721
17965421,-0.1209,-0.1004,9.8391,-0.3828,-0.1637,-0.5759
17965588,-0.1271,-0.0936,9.8358,-0.3926,-0.1535,-0.5379
17965755,-0.1143,-0.0953,9.8429,-0.3989,-0.1902,-0.6025
17965921,-0.1100,-0.0965,9.8414,-0.4115,-0.1353,-0.5425
17966088,-0.1149,-0.0950,9.8478,-0.3332,-0.0991,-0.4995
17966255,-0.1191,-0.1067,9.8276,-0.3658,-0.1556,-0.5352
17966421,-0.1216,-0.0935,9.8309,-0.4098,-0.1488,-0.5905
17966588,-0.1223,-0.1048,9.8348,-0.4273,-0.1158,-0.5352
17966755,-0.1124,-0.1023,9.8299,-0.4563,-0.1370,-0.5188
17966921,-0.1137,-0.0997,9.8289,-0.4149,-0.1971,-0.5040
17967088,-0.1124,-0.0941,9.8354,-0.4379,-0.2263,-0.5501
17967255,-0.1171,-0.1009,9.8272,-0.3926,-0.0290,-0.5604
17967422,-0.1256,-0.0926,9.8413,-0.3294,-0.1592,-0.4921
17967588,-0.1205,-0.1047,9.8368,-0.3650,-0.1507,-0.5702
17967755,-0.1194,-0.0933,9.8360,-0.4038,-0.1454,-0.6036
17967922,-0.1205,-0.1031,9.8268,-0.3635,-0.1565,-0.5520
17968088,-0.1333,-0.1032,9.8302,-0.3268,-0.1567,-0.5362
17968255,-0.1346,-0.0845,9.8400,-0.4257,-0.1180,-0.4533
17968422,-0.1161,-0.0945,9.8265,-0.4190,-0.0716,-0.5390
17968588,-0.1156,-0.0898,9.8336,-0.4131,-0.1099,-0.5565
17968755,-0.1101,-0.1045,9.8294,-0.4325,-0.0963,-0.5586
17968922,-0.1278,-0.0928,9.8266,-0.4263,-0.1410,-0.5267
17969088,-0.1292,-0.0978,9.8266,-0.3258,-0.1371,-0.5169
17969255,-0.1263,-0.0934,9.8501,-0.3578,-0.2002,-0.5037
17969422,-0.1169,-0.1018,9.8317,-0.3670,-0.1101,-0.6164
17969588,-0.1218,-0.0914,9.8303,-0.3818,-0.0108,-0.5368
17969755,-0.1094,-0.0939,9.8199,-0.4166,-0.1028,-0.5500
17969922,-0.1231,-0.0977,9.8247,-0.3304,-0.1383,-0.5318
17970088,-0.1378,-0.0990,9.8236,-0.3441,-0.1681,-0.5777
17970255,-0.1172,-0.0994,9.8307,-0.3965,-0.0910,-0.5152
17970422,-0.1210,-0.1111,9.8429,-0.3782,-0.1582,-0.5213
17970588,-0.1240,-0.0989,9.8311,-0.4036,-0.1088,-0.5246
17970755,-0.1164,-0.0947,9.8247,-0.3556,-0.1351,-0.6030
17970922,-0.1196,-0.0915,9.8383,-0.4223,-0.1555,-0.5310
17971088,-0.1230,-0.1046,9.8232,-0.3360,-0.1125,-0.5934
17971255,-0.1204,-0.0971,9.8471,-0.3863,-0.1659,-0.5060
17971422,-0.1120,-0.1030,9.8349,-0.3430,-0.1038,-0.5428
17971588,-0.1204,-0.1052,9.8276,-0.4630,-0.1340,-0.5444
17971755,-0.1197,-0.1051,9.8359,-0.3677,-0.1683,-0.5275
17971922,-0.1323,-0.1049,9.8266,-0.4082,-0.2073,-0.5470
17972088,-0.1239,-0.0995,9.8466,-0.4087,-0.1124,-0.4649
17972255,-0.1309,-0.1051,9.8369,-0.4636,-0.1650,-0.5142
17972422,-0.1176,-0.0945,9.8369,-0.3659,-0.2203,-0.4979
17972588,-0.1036,-0.1037,9.8287,-0.3459,-0.0797,-0.5906
17972755,-0.1259,-0.1069,9.8324,-0.3283,-0.1976,-0.5114
17972922,-0.1169,-0.0924,9.8177,-0.4060,-0.1452,-0.5460
17973088,-0.1255,-0.1096,9.8327,-0.3257,-0.1498,-0.5201
17973255,-0.1185,-0.1082,9.8418,-0.3592,-0.0946,-0.5344
17973422,-0.1242,-0.1030,9.8272,-0.2532,-0.1961,-0.5294
17973588,-0.1352,-0.1022,9.8179,-0.4127,-0.1241,-0.5205
17973755,-0.1256,-0.0850,9.8337,-0.4110,-0.1336,-0.4892
17973922,-0.1167,-0.1050,9.8468,-0.3760,-0.0759,-0.5905
17974088,-0.1209,-0.1007,9.8331,-0.3725,-0.2096,-0.5781
17974255,-0.1113,-0.0978,9.8235,-0.4180,-0.1648,-0.5657
17974422,-0.1138,-0.0920,9.8325,-0.3572,-0.1324,-0.6064
17974588,-0.1172,-0.0839,9.8250,-0.4462,-0.1674,-0.5548
17974755,-0.1137,-0.0906,9.8288,-0.3552,-0.0853,-0.4940
17974922,-0.1109,-0.0937,9.8271,-0.4185,-0.1935,-0.5463
17975088,-0.1212,-0.1068,9.8435,-0.3244,-0.1776,-0.5080
17975255,-0.1202,-0.0868,9.8444,-0.3844,-0.1524,-0.5282
17975422,-0.1158,-0.0946,9.8290,-0.3515,-0.0898,-0.5204
17975588,-0.1262,-0.1130,9.8139,-0.3939,-0.1157,-0.5303
17975755,-0.1282,-0.0962,9.8284,-0.4236,-0.1149,-0.5225
17975922,-0.1250,-0.0887,9.8413,-0.3768,-0.1505,-0.5721
17976088,-0.1190,-0.1012,9.8265,-0.3946,-0.2143,-0.5020
17976255,-0.1282,-0.0926,9.8374,-0.3932,-0.1095,-0.5639
17976422,-0.1205,-0.0866,9.8378,-0.3489,-0.1298,-0.5100
17976588,-0.1225,-0.0946,9.8390,-0.3758,-0.1176,-0.5265
17976755,-0.1163,-0.0970,9.8298,-0.4078,-0.1591,-0.5736
17976922,-0.1205,-0.0943,9.8289,-0.3348,-0.1580,-0.4845
17977088,-0.1244,-0.1118,9.8159,-0.4622,-0.1241,-0.5629
17977255,-0.1214,-0.1009,9.8404,-0.4443,-0.1201,-0.5522
17977422,-0.1165,-0.1040,9.8276,-0.4057,-0.1413,-0.5044
17977588,-0.1147,-0.0923,9.8378,-0.4527,-0.1869,-0.5168
17977755,-0.1170,-0.0926,9.8380,-0.3706,-0.1165,-0.5474
17977922,-0.1217,-0.0985,9.8181,-0.3533,-0.0862,-0.4769
17978088,-0.1202,-0.0911,9.8380,-0.3986,-0.1590,-0.5130
17978255,-0.1232,-0.1021,9.8372,-0.4237,-0.1606,-0.5165
17978422,-0.1084,-0.0938,9.8307,-0.3761,-0.1460,-0.6097
17978588,-0.1192,-0.0910,9.8245,-0.4064,-0.1763,-0.5362
17978755,-0.1089,-0.1010,9.8500,-0.3714,-0.2119,-0.5211
17978922,-0.1162,-0.0997,9.8238,-0.3795,-0.1574,-0.4689
17979088,-0.1344,-0.0939,9.8339,-0.3897,-0.1581,-0.5680
17979255,-0.1223,-0.1003,9.8227,-0.3395,-0.1571,-0.4949
17979422,-0.1248,-0.0938,9.8261,-0.3367,-0.1942,-0.5223
17979588,-0.1176,-0.0911,9.8222,-0.4016,-0.1268,-0.5646
17979755,-0.1225,-0.1024,9.8339,-0.4051,-0.1634,-0.5537
17979922,-0.1110,-0.1076,9.8169,-0.4097,-0.1147,-0.6090
17980088,-0.1189,-0.0880,9.8317,-0.3748,-0.1300,-0.4590
17980255,-0.1367,-0.0922,9.8316,-0.3766,-0.1579,-0.5849
17980422,-0.1238,-0.1059,9.8282,-0.3905,-0.0866,-0.5754
17980588,-0.1096,-0.1051,9.8316,-0.3984,-0.0474,-0.5067
17980755,-0.1237,-0.0937,9.8207,-0.3568,-0.0848,-0.4604
17980922,-0.1146,-0.0886,9.8328,-0.3815,-0.1342,-0.5435
17981088,-0.1191,-0.0958,9.8217,-0.3851,-0.1341,-0.5204
17981255,-0.1271,-0.1037,9.8185,-0.3911,-0.1084,-0.5102
17981422,-0.1208,-0.0973,9.8330,-0.3820,-0.1934,-0.6105
17981588,-0.1171,-0.0943,9.8326,-0.4317,-0.1385,-0.5399
17981755,-0.1310,-0.0954,9.8247,-0.4779,-0.1171,-0.5499
17981922,-0.1298,-0.1012,9.8263,-0.4272,-0.1694,-0.5389
17982088,-0.1244,-0.1016,9.8427,-0.4074,-0.1151,-0.5790
17982255,-0.1216,-0.0917,9.8349,-0.4283,-0.1218,-0.4966
17982422,-0.1114,-0.1021,9.8346,-0.4112,-0.2193,-0.5144
17982588,-0.1195,-0.0977,9.8212,-0.3593,-0.1062,-0.4635
17982755,-0.1133,-0.0975,9.8442,-0.3996,-0.1188,-0.5270
17982922,-0.1260,-0.1000,9.8320,-0.4282,-0.1755,-0.5599
17983088,-0.1190,-0.0999,9.8275,-0.5033,-0.2179,-0.5499
17983255,-0.1217,-0.0999,9.8200,-0.3806,-0.1555,-0.5365
17983422,-0.1237,-0.0777,9.8306,-0.3869,-0.1599,-0.5167
17983588
17983755
