DeviceTag: Xsens DOT,FirmwareVersion: 2.2.1,AppVersion: 2022.2.0,SyncStatus: Unknown (Synced/Un-synced),OutputRate: 60,FilterProfile: Unknown,Measurement Mode: Inertial Mode - Rate quantities,StartTime: 2022-12-03 22:44:55.744,Â© Movella Technologies B.V. 2005-2022
SampleTimeFine,Acc_X,Acc_Y,Acc_Z,Gyr_X,Gyr_Y,Gyr_Z
17828467,-0.0843,-0.0452,9.8389,0.2096,-0.1356,0.0539
17828634,-0.0769,-0.0686,9.8439,0.1940,-0.1265,0.0840
17828801,-0.0760,-0.0670,9.8273,0.2556,-0.1510,0.0685
17828967,-0.0736,-0.0689,9.8410,0.2587,-0.1538,0.0238
17829134,-0.0746,-0.0385,9.8264,0.2553,-0.1025,0.1035
17829301,-0.0800,-0.0618,9.8178,0.2015,-0.0929,0.1058
17829467,-0.0718,-0.0577,9.8452,0.2449,-0.1189,0.1118
17829634,-0.0735,-0.0571,9.8322,0.2685,-0.1088,0.1147
17829801,-0.0832,-0.0713,9.8313,0.2759,-0.0799,0.0561
17829967,-0.0752,-0.0609,9.8455,0.2884,-0.1945,0.0910
17830134,-0.0717,-0.0541,9.8361,0.2652,-0.0965,0.1222
17830301,-0.0750,-0.0559,9.8231,0.2395,-0.0983,0.0503
17830467,-0.0751,-0.0567,9.8286,0.2273,-0.1698,0.0424
17830634,-0.0761,-0.0661,9.8360,0.2723,-0.1515,0.0773
17830801,-0.0733,-0.0588,9.8232,0.2571,-0.1407,0.1270
17830967,-0.0924,-0.0625,9.8235,0.2207,-0.0717,0.1165
17831134,-0.0809,-0.0793,9.8318,0.2317,-0.1180,0.0788
17831301,-0.0838,-0.0706,9.8331,0.1601,-0.1085,0.1192
17831467,-0.0802,-0.0751,9.8372,0.2229,-0.1040,0.1078
17831634,-0.0713,-0.0544,9.8289,0.2771,-0.1492,0.0808
17831801,-0.0742,-0.0551,9.8295,0.2208,-0.1742,0.0559
17831967,-0.0740,-0.0667,9.8214,0.2481,-0.1109,0.1102
17832134,-0.0708,-0.0650,9.8320,0.2586,-0.1538,0.1079
17832301,-0.0815,-0.0554,9.8260,0.2277,-0.0813,0.1078
17832467,-0.0755,-0.0564,9.8304,0.2409,-0.1697,0.0869
17832634,-0.0814,-0.0640,9.8369,0.2503,-0.2094,0.0699
17832801,-0.0732,-0.0788,9.8289,0.2375,-0.0776,0.1236
17832967,-0.0813,-0.0694,9.8340,0.2405,-0.1087,0.0237
17833134,-0.0716,-0.0585,9.8267,0.2258,-0.1565,0.0667
17833301,-0.0734,-0.0625,9.8273,0.2462,-0.1524,0.0414
17833467,-0.0770,-0.0606,9.8266,0.2325,-0.0893,0.0019
17833634,-0.0777,-0.0556,9.8311,0.2370,-0.1667,0.0279
17833801,-0.0843,-0.0516,9.8288,0.2309,-0.1379,0.0565
17833967,-0.0777,-0.0610,9.8100,0.2738,-0.0966,0.1485
17834134,-0.0847,-0.0563,9.8230,0.1522,-0.0814,0.1174
17834301,-0.0787,-0.0592,9.8341,0.2126,-0.1530,0.0882
17834467,-0.0855,-0.0632,9.8266,0.2417,-0.1573,0.0929
17834634,-0.0751,-0.0503,9.8327,0.2704,-0.1688,0.0686
17834801,-0.0691,-0.0527,9.8144,0.2432,-0.1373,0.0747
17834967,-0.0750,-0.0593,9.8257,0.2026,-0.1564,0.0914
17835134,-0.0727,-0.0684,9.8256,0.1652,-0.1508,0.0402
17835301,-0.0785,-0.0515,9.8423,0.2698,-0.1122,0.0924
17835467,-0.0695,-0.0610,9.8370,0.3353,-0.1005,0.0768
17835634,-0.0752,-0.0578,9.8473,0.2135,-0.1628,0.1187
17835801,-0.0845,-0.0523,9.8262,0.2696,-0.1492,0.0849
17835968,-0.0856,-0.0606,9.8178,0.1629,-0.1300,0.1214
17836134,-0.0684,-0.0673,9.8255,0.2795,-0.1493,0.0729
17836301,-0.0811,-0.0659,9.8288,0.2965,-0.1211,0.0921
17836468,-0.0655,-0.0528,9.8323,0.2499,-0.1049,0.0459
17836634,-0.0944,-0.0645,9.8232,0.2384,-0.1230,0.0910
17836801,-0.0739,-0.0616,9.8232,0.2767,-0.1747,0.1231
17836968,-0.0652,-0.0742,9.8385,0.1802,-0.1537,0.0088
17837134,-0.0849,-0.0676,9.8332,0.2026,-0.1132,0.1037
17837301,-0.0823,-0.0611,9.8283,0.2391,-0.1284,0.1388
17837468,-0.0819,-0.0601,9.8365,0.2447,-0.0951,0.0998
17837634,-0.0780,-0.0580,9.8368,0.2778,-0.1238,0.0555
17837801,-0.0771,-0.0593,9.8275,0.2649,-0.0905,0.0483
17837968,-0.0808,-0.0619,9.8167,0.2156,-0.1477,0.1189
17838134,-0.0760,-0.0541,9.8271,0.2358,-0.1886,0.1050
17838301,-0.0754,-0.0557,9.8296,0.3159,-0.1313,0.1304
17838468,-0.0798,-0.0732,9.8337,0.1979,-0.1820,0.0498
17838634,-0.0920,-0.0589,9.8391,0.2333,-0.1131,0.0622
17838801,-0.0822,-0.0642,9.8317,0.3322,-0.1272,0.0853
17838968,-0.0750,-0.0492,9.8284,0.2415,-0.1299,0.0763
17839134,-0.0936,-0.0630,9.8341,0.2992,-0.1677,0.1276
17839301,-0.0765,-0.0723,9.8317,0.2372,-0.1779,0.1457
17839468,-0.0700,-0.0509,9.8321,0.2927,-0.1210,0.0558
17839634,-0.0910,-0.0551,9.8278,0.2863,-0.0802,0.0623
17839801,-0.0743,-0.0543,9.8254,0.2822,-0.1463,0.1024
17839968,-0.0709,-0.0765,9.8273,0.2972,-0.0768,0.1261
17840134,-0.0695,-0.0525,9.8275,0.3072,-0.1354,0.0809
17840301,-0.0926,-0.0652,9.8340,0.2247,-0.1493,0.0760
17840468,-0.0795,-0.0608,9.8339,0.2437,-0.1132,0.0762
17840634,-0.0726,-0.0675,9.8267,0.2024,-0.1697,0.0153
17840801,-0.0777,-0.0580,9.8306,0.2748,-0.1109,0.0783
17840968,-0.0606,-0.0522,9.8338,0.1960,-0.1696,0.0762
17841134,-0.0750,-0.0659,9.8302,0.2591,-0.1153,0.1214
17841301,-0.0843,-0.0481,9.8038,0.2930,-0.0903,0.0764
17841468,-0.0821,-0.0623,9.8449,0.2564,-0.1634,0.0896
17841634,-0.0795,-0.0730,9.8218,0.2251,-0.1627,0.0995
17841801,-0.0916,-0.0612,9.8278,0.1847,-0.1175,0.1440
17841968,-0.0784,-0.0585,9.8427,0.1961,-0.2097,0.0919
17842134,-0.0845,-0.0696,9.8192,0.2232,-0.1830,0.1641
17842301,-0.0649,-0.0665,9.8243,0.2297,-0.1288,0.0434
17842468,-0.0728,-0.0568,9.8400,0.2162,-0.1300,0.1047
17842634,-0.0852,-0.0734,9.8292,0.2541,-0.1530,0.1078
17842801,-0.0765,-0.0581,9.8300,0.2364,-0.1308,0.0712
17842968,-0.0829,-0.0600,9.8359,0.1778,-0.1400,0.0622
17843134,-0.0788,-0.0546,9.8297,0.2607,-0.1765,0.0497
17843301,-0.0879,-0.0627,9.8255,0.2679,-0.0714,0.0694
17843468,-0.0853,-0.0666,9.8324,0.2392,-0.0916,0.0701
17843634,-0.0823,-0.0679,9.8369,0.2467,-0.1123,0.0475
17843801,-0.0898,-0.0607,9.8275,0.2447,-0.0791,0.0920
17843968,-0.0817,-0.0574,9.8308,0.1455,-0.1454,0.1176
17844134,-0.0879,-0.0538,9.8365,0.2606,-0.1297,0.0184
17844301,-0.0795,-0.0628,9.8243,0.2907,-0.1100,0.0903
17844468,-0.0795,-0.0668,9.8312,0.2754,-0.1243,0.0905
17844634,-0.0719,-0.0419,9.8294,0.2790,-0.0811,0.1160
17844801,-0.0780,-0.0607,9.8332,0.2177,-0.1455,0.0773
17844968,-0.0888,-0.0370,9.8355,0.3614,-0.0415,0.1302
17845134,-0.0673,-0.0535,9.8292,0.2942,-0.1090,0.0358
17845301,-0.0729,-0.0581,9.8312,0.2051,-0.0857,0.0167
17845468,-0.0827,-0.0575,9.8305,0.2309,-0.1685,0.1042
17845634,-0.0809,-0.0607,9.8264,0.2839,-0.1514,0.1158
17845801,-0.0713,-0.0562,9.8318,0.2342,-0.1617,0.0660
17845968,-0.0751,-0.0495,9.8205,0.2826,-0.1850,0.0841
17846134,-0.0776,-0.0709,9.8279,0.1961,-0.0511,0.0453
17846301,-0.0763,-0.0477,9.8446,0.2432,-0.1117,0.1008
17846468,-0.0880,-0.0674,9.8273,0.1894,-0.1218,0.0601
17846634,-0.0767,-0.0586,9.8374,0.1578,-0.0999,0.1205
17846801,-0.0824,-0.0537,9.8445,0.2622,-0.1250,0.0712
17846968,-0.0782,-0.0569,9.8376,0.2644,-0.1411,0.1137
17847134,-0.0795,-0.0457,9.8201,0.2102,-0.0672,0.0536
17847301,-0.0773,-0.0507,9.8321,0.1769,-0.1144,0.1446
17847468,-0.0871,-0.0689,9.8370,0.1954,-0.1633,0.0430
17847634,-0.0669,-0.0617,9.8241,0.2167,-0.0892,0.0406
17847801,-0.0828,-0.0640,9.8318,0.2850,-0.0758,0.0668
17847968,-0.0731,-0.0686,9.8242,0.2652,-0.1658,0.0603
17848134,-0.0807,-0.0571,9.8224,0.2485,-0.1496,0.0030
17848301,-0.0743,-0.0656,9.8277,0.1923,-0.1333,0.0595
17848468,-0.0750,-0.0614,9.8328,0.1976,-0.1326,0.1090
17848634,-0.0708,-0.0644,9.8193,0.2654,-0.1425,0.0830
17848801,-0.0777,-0.0626,9.8340,0.2352,-0.2192,0.0892
17848968,-0.0718,-0.0577,9.8323,0.1123,-0.1431,0.0853
17849134,-0.0777,-0.0694,9.8286,0.3144,-0.1425,0.0597
17849301,-0.0914,-0.0486,9.8330,0.2350,-0.1375,0.0433
17849468,-0.0869,-0.0672,9.8250,0.2074,-0.1287,0.0671
17849634,-0.0706,-0.0493,9.8383,0.2018,-0.1608,0.0671
17849801,-0.0850,-0.0581,9.8311,0.2682,-0.0928,0.0559
17849968,-0.0758,-0.0528,9.8349,0.2862,-0.1652,0.0921
17850134,-0.0875,-0.0580,9.8238,0.2613,-0.1495,0.0491
17850301,-0.0717,-0.0720,9.8318,0.2028,-0.1538,0.0537
17850468,-0.0901,-0.0571,9.8209,0.2728,-0.1583,0.0380
17850634,-0.0695,-0.0679,9.8364,0.2414,-0.0817,0.1102
17850801,-0.0784,-0.0492,9.8310,0.2542,-0.1510,0.0445
17850968,-0.0807,-0.0626,9.8253,0.2268,-0.0848,0.1447
17851134,-0.0833,-0.0585,9.8266,0.2251,-0.1058,0.0217
17851301,-0.0792,-0.0657,9.8096,0.2350,-0.1781,0.0711
17851468,-0.0681,-0.0678,9.8324,0.2603,-0.1469,0.1290
17851634,-0.0849,-0.0536,9.8286,0.2263,-0.1342,0.0459
17851801,-0.0712,-0.0618,9.8260,0.2771,-0.1338,0.0780
17851968,-0.0810,-0.0645,9.8316,0.1670,-0.1094,0.0573
17852134,-0.0826,-0.0537,9.8377,0.2219,-0.1764,0.1221
17852301,-0.0768,-0.0640,9.8473,0.2020,-0.1234,0.0479
17852468,-0.0692,-0.0521,9.8229,0.1072,-0.1684,0.0456
17852635,-0.0852,-0.0499,9.8310,0.2212,-0.1018,0.0685
17852801,-0.0745,-0.0556,9.8267,0.2303,-0.1904,0.0621
17852968,-0.0835,-0.0500,9.8424,0.2304,-0.1313,0.0576
17853135,-0.0724,-0.0782,9.8287,0.1539,-0.0966,0.1131
17853301,-0.0739,-0.0579,9.8219,0.1870,-0.1500,0.0476
17853468,-0.0720,-0.0594,9.8356,0.2997,-0.1875,0.1531
17853635,-0.0740,-0.0727,9.8277,0.2353,-0.1583,0.1040
17853801,-0.0722,-0.0575,9.8345,0.2858,-0.1488,0.1057
17853968,-0.0694,-0.0631,9.8304,0.2334,-0.1153,0.0866
17854135,-0.0779,-0.0605,9.8379,0.2776,-0.1190,0.1322
17854301,-0.0821,-0.0522,9.8414,0.2342,-0.1911,0.0461
17854468,-0.0831,-0.0782,9.8454,0.2028,-0.1640,0.0616
17854635,-0.0801,-0.0533,9.8245,0.2220,-0.0973,0.0807
17854801,-0.0719,-0.0576,9.8325,0.2173,-0.1379,0.1686
17854968,-0.0739,-0.0685,9.8336,0.2264,-0.1448,0.0500
17855135,-0.0752,-0.0668,9.8119,0.2941,-0.1561,0.0831
17855301,-0.0698,-0.0416,9.8268,0.1834,-0.0530,0.1288
17855468,-0.0860,-0.0531,9.8300,0.2250,-0.1266,0.0834
17855635,-0.0760,-0.0639,9.8473,0.2455,-0.1009,0.0523
17855801,-0.0624,-0.0528,9.8429,0.2409,-0.0612,0.0513
17855968,-0.0926,-0.0547,9.8348,0.2229,-0.1814,0.0590
17856135,-0.0901,-0.0582,9.8362,0.2004,-0.2726,0.0827
17856301,-0.0863,-0.0677,9.8156,0.2378,-0.1132,0.0906
17856468,-0.0740,-0.0688,9.8395,0.1914,-0.1334,0.0448
17856635,-0.0843,-0.0664,9.8218,0.2245,-0.0985,0.0685
17856801,-0.0725,-0.0574,9.8240,0.2232,-0.1909,0.1239
17856968,-0.0774,-0.0582,9.8311,0.2569,-0.1187,0.0904
17857135,-0.0817,-0.0685,9.8334,0.2754,-0.1424,0.1167
17857301,-0.0906,-0.0541,9.8198,0.1971,-0.0911,0.0988
17857468,-0.0784,-0.0604,9.8321,0.1956,-0.1357,0.1263
17857635,-0.0691,-0.0603,9.8262,0.1827,-0.0951,0.0649
17857801,-0.0787,-0.0636,9.8350,0.1904,-0.1579,0.0650
17857968,-0.0753,-0.0633,9.8339,0.2435,-0.1361,0.1325
17858135,-0.0835,-0.0683,9.8307,0.1874,-0.0907,0.1060
17858301,-0.0677,-0.0624,9.8316,0.2191,-0.0840,0.0707
17858468,-0.0788,-0.0571,9.8360,0.2679,-0.0706,0.0808
17858635,-0.0663,-0.0605,9.8283,0.2659,-0.1174,0.1233
17858801,-0.0815,-0.0655,9.8424,0.2618,-0.0947,0.0249
17858968,-0.0867,-0.0576,9.8231,0.2594,-0.1221,0.0473
17859135,-0.0799,-0.0708,9.8342,0.2224,-0.0723,0.0014
17859301,-0.0866,-0.0688,9.8313,0.2570,-0.1064,0.0511
17859468,-0.0858,-0.0643,9.8317,0.2659,-0.1155,0.1012
17859635,-0.0775,-0.0426,9.8321,0.2815,-0.1086,0.1168
17859801,-0.0804,-0.0665,9.8249,0.1959,-0.1403,0.0627
17859968,-0.0768,-0.0644,9.8265,0.2550,-0.1046,0.0943
17860135,-0.0742,-0.0432,9.8225,0.1908,-0.1348,0.0805
17860301,-0.0755,-0.0678,9.8431,0.2024,-0.0683,0.0842
17860468,-0.0844,-0.0693,9.8402,0.2482,-0.1904,0.1372
17860635,-0.0686,-0.0650,9.8271,0.2006,-0.1628,0.0907
17860801,-0.0775,-0.0598,9.8295,0.2315,-0.1409,0.0738
17860968,-0.0808,-0.0539,9.8348,0.2586,-0.1279,0.0630
17861135,-0.0766,-0.0547,9.8254,0.1605,-0.0929,0.0800
17861301,-0.0576,-0.0723,9.8318,0.2645,-0.1705,0.1096
17861468,-0.0736,-0.0653,9.8377,0.1910,-0.1141,0.0251
17861635,-0.0735,-0.0343,9.8453,0.2530,-0.0472,0.0914
17861801,-0.0895,-0.0758,9.8198,0.2082,-0.1114,0.1209
17861968,-0.0801,-0.0672,9.8230,0.1909,-0.1554,0.0650
17862135,-0.0800,-0.0555,9.8387,0.2459,-0.1643,0.0340
17862301,-0.0781,-0.0536,9.8337,0.2334,-0.1114,0.0676
17862468,-0.0736,-0.0642,9.8456,0.2417,-0.1597,0.0664
17862635,-0.0744,-0.0595,9.8431,0.1846,-0.1146,0.0530
17862801,-0.0666,-0.0672,9.8306,0.2694,-0.1058,0.0897
17862968,-0.0724,-0.0613,9.8315,0.1885,-0.1268,0.1047
17863135,-0.0780,-0.0606,9.8107,0.2744,-0.1764,0.0542
17863301,-0.0847,-0.0665,9.8377,0.2515,-0.1682,0.1356
17863468,-0.0781,-0.0629,9.8235,0.1844,0.0249,0.0475
17863635,-0.0772,-0.0562,9.8201,0.2404,-0.1046,0.1088
17863801,-0.0745,-0.0648,9.8218,0.2263,-0.0901,0.0041
17863968,-0.0795,-0.0583,9.8408,0.2658,-0.1391,0.0866
17864135,-0.0854,-0.0466,9.8257,0.2568,-0.0772,0.1303
17864301,-0.0822,-0.0583,9.8414,0.2185,-0.0962,0.0434
17864468,-0.0844,-0.0479,9.8148,0.2654,-0.1357,0.1127
17864635,-0.0838,-0.0711,9.8333,0.1564,-0.1608,0.0813
17864801,-0.0755,-0.0595,9.8107,0.2648,-0.0996,0.0912
17864968,-0.0816,-0.0719,9.8431,0.2523,-0.1276,0.1033
17865135,-0.0813,-0.0669,9.8367,0.2505,-0.1082,0.0883
17865301,-0.0656,-0.0587,9.8439,0.3074,-0.1478,0.1462
17865468,-0.0771,-0.0627,9.8365,0.2364,-0.1535,0.0830
17865635,-0.0864,-0.0549,9.8371,0.2268,-0.1335,0.0649
17865801,-0.0691,-0.0626,9.8346,0.2220,-0.0839,0.0484
17865968,-0.0681,-0.0686,9.8300,0.2020,-0.1491,0.1580
17866135,-0.0793,-0.0616,9.8425,0.2381,-0.0290,0.1219
17866301,-0.0812,-0.0599,9.8413,0.2626,-0.1503,0.0693
17866468,-0.0776,-0.0471,9.8347,0.2134,-0.1363,0.0830
17866635,-0.0773,-0.0676,9.8333,0.2019,-0.1257,0.0601
17866801,-0.0803,-0.0682,9.8412,0.2539,-0.1196,0.0859
17866968,-0.0805,-0.0630,9.8168,0.1765,-0.1876,0.0413
17867135,-0.0770,-0.0623,9.8169,0.2098,-0.1029,0.0667
17867301,-0.0726,-0.0561,9.8286,0.2375,-0.0523,0.1176
17867468,-0.0796,-0.0685,9.8246,0.2580,-0.1199,0.0665
17867635,-0.0781,-0.0412,9.8370,0.2596,-0.0438,0.1079
17867801,-0.0786,-0.0614,9.8331,0.2611,-0.0903,0.1268
17867968,-0.0826,-0.0657,9.8416,0.2305,-0.0763,0.0357
17868135,-0.0836,-0.0503,9.8304,0.2633,-0.1340,0.1136
17868301,-0.0839,-0.0614,9.8540,0.2176,-0.1202,0.0608
17868468,-0.0762,-0.0545,9.8324,0.2301,-0.1806,0.0761
17868635,-0.0831,-0.0624,9.8373,0.2296,-0.1900,0.0447
17868801,-0.0750,-0.0612,9.8415,0.2590,-0.1064,0.0379
17868968,-0.0796,-0.0592,9.8328,0.2002,-0.0839,0.1099
17869135,-0.0832,-0.0767,9.8239,0.1936,-0.1716,0.0313
17869302,-0.0759,-0.0660,9.8257,0.3022,-0.1043,0.0677
17869468,-0.0894,-0.0501,9.8353,0.2299,-0.1628,0.0985
17869635,-0.0825,-0.0695,9.8297,0.3328,-0.0946,0.0401
17869802,-0.0839,-0.0612,9.8182,0.3249,-0.1473,0.0960
17869968,-0.0788,-0.0644,9.8367,0.1905,-0.0932,0.0967
17870135,-0.0835,-0.0664,9.8376,0.2275,-0.1377,0.0814
17870302,-0.0873,-0.0432,9.8253,0.2668,-0.0571,0.0168
17870468,-0.0762,-0.0618,9.8358,0.2808,-0.0906,0.0906
17870635,-0.0856,-0.0484,9.8331,0.2494,-0.0906,0.0650
17870802,-0.0855,-0.0636,9.8304,0.2813,-0.1250,-0.0206
17870968,-0.0853,-0.0636,9.8396,0.3140,-0.1170,0.0487
17871135,-0.0993,-0.0738,9.8260,0.2033,-0.1216,0.0583
17871302,-0.0825,-0.0553,9.8284,0.1969,-0.1508,0.0656
17871468,-0.0808,-0.0572,9.8186,0.1903,-0.1114,0.1377
17871635,-0.0707,-0.0467,9.8312,0.2498,-0.1508,0.0663
17871802,-0.0789,-0.0688,9.8306,0.2020,-0.1341,0.0590
17871968,-0.0857,-0.0592,9.8294,0.2056,-0.0606,0.0236
17872135,-0.0800,-0.0586,9.8378,0.2449,-0.1690,0.0521
17872302,-0.0887,-0.0648,9.8167,0.1911,-0.1465,0.0360
17872468,-0.0791,-0.0640,9.8261,0.1683,-0.0963,0.1141
17872635,-0.0646,-0.0638,9.8357,0.1440,-0.2119,0.0293
17872802,-0.0708,-0.0633,9.8160,0.1791,-0.1706,0.0802
17872968,-0.0701,-0.0585,9.8151,0.2548,-0.1434,0.0931
17873135,-0.0721,-0.0548,9.8197,0.1719,-0.1514,0.0245
17873302,-0.0752,-0.0607,9.8318,0.3314,-0.1866,0.0773
17873468,-0.0640,-0.0694,9.8394,0.2669,-0.0884,0.0097
17873635,-0.0835,-0.0623,9.8227,0.2376,-0.1401,0.1054
17873802,-0.0730,-0.0568,9.8298,0.2671,-0.0455,0.0382
17873968,-0.0700,-0.0628,9.8311,0.2750,-0.1360,0.0853
17874135,-0.0883,-0.0608,9.8344,0.2399,-0.1634,0.0837
17874302,-0.0688,-0.0641,9.8349,0.3074,-0.0823,0.0602
17874468,-0.0798,-0.0572,9.8304,0.2243,-0.1231,0.0298
17874635,-0.0706,-0.0744,9.8339,0.3028,-0.1109,0.1010
17874802,-0.0717,-0.0458,9.8313,0.2650,-0.1042,0.0545
17874968,-0.0821,-0.0669,9.8247,0.2350,-0.0529,0.0754
17875135,-0.0686,-0.0617,9.8340,0.2349,-0.0687,0.1063
17875302,-0.0690,-0.0526,9.8310,0.2274,-0.0735,0.1063
17875468,-0.0727,-0.0499,9.8282,0.1830,-0.0761,0.0448
17875635,-0.0720,-0.0630,9.8282,0.1940,-0.0701,0.1149
17875802,-0.0860,-0.0484,9.8144,0.2912,-0.1599,0.1344
17875968,-0.0718,-0.0453,9.8353,0.2296,-0.1500,0.0902
17876135,-0.0854,-0.0630,9.8302,0.2020,-0.1486,0.0126
17876302,-0.0837,-0.0782,9.8317,0.2561,-0.2008,0.0883
17876468,-0.0767,-0.0539,9.8413,0.1687,-0.1740,0.1351
17876635,-0.0804,-0.0680,9.8401,0.2169,-0.1760,0.0461
17876802,-0.0733,-0.0639,9.8413,0.2546,-0.1321,0.1240
17876968,-0.0877,-0.0679,9.8234,0.2255,-0.1461,0.1096
17877135,-0.0858,-0.0592,9.8339,0.2217,-0.1341,0.0346
17877302,-0.0725,-0.0527,9.8361,0.2129,-0.1159,0.1312
17877468,-0.0817,-0.0712,9.8274,0.2373,-0.1058,0.0943
17877635,-0.0782,-0.0613,9.8117,0.3010,-0.0681,0.0578
17877802,-0.0784,-0.0689,9.8345,0.2208,-0.0906,0.0943
17877968,-0.0821,-0.0664,9.8415,0.2523,-0.1447,0.0131
17878135,-0.0821,-0.0727,9.8284,0.2433,-0.1403,0.1258
17878302,-0.0701,-0.0686,9.8539,0.2638,-0.1335,0.0740
17878468,-0.0895,-0.0465,9.8282,0.2003,-0.1383,0.0469
17878635,-0.0861,-0.0683,9.8285,0.2269,-0.0763,0.1191
17878802,-0.0870,-0.0737,9.8362,0.2053,-0.1132,0.1060
17878968,-0.0844,-0.0530,9.8233,0.2305,-0.1174,0.0935
17879135,-0.0861,-0.0586,9.8307,0.2201,-0.0857,0.0943
17879302,-0.0760,-0.0545,9.8350,0.2095,-0.0804,0.0749
17879468,-0.0773,-0.0643,9.8307,0.2848,-0.1509,0.0205
17879635,-0.0806,-0.0622,9.8407,0.0664,-0.1108,0.1402
17879802,-0.0859,-0.0511,9.8413,0.2047,-0.1331,0.0794
17879968,-0.0760,-0.0492,9.8448,0.1972,-0.1366,0.0750
17880135,-0.0765,-0.0488,9.8440,0.2758,-0.1633,0.1208
17880302,-0.0971,-0.0571,9.8355,0.1796,-0.1442,0.0281
17880468,-0.0776,-0.0597,9.8229,0.2495,-0.1916,0.0407
17880635,-0.0781,-0.0515,9.8365,0.2507,-0.1282,0.1015
17880802,-0.0946,-0.0562,9.8275,0.1778,-0.1654,0.0395
17880968,-0.0805,-0.0452,9.8366,0.2022,-0.1237,0.0888
17881135,-0.0716,-0.0705,9.8465,0.1546,-0.1380,0.0522
17881302,-0.0823,-0.0660,9.8157,0.2568,-0.1274,0.0913
17881468,-0.0858,-0.0577,9.8214,0.2185,-0.1400,0.0393
17881635,-0.0794,-0.0678,9.8234,0.1929,-0.0834,0.1039
17881802,-0.0834,-0.0703,9.8302,0.2378,-0.1805,0.0405
17881968,-0.0696,-0.0540,9.8329,0.2738,-0.1271,0.1434
17882135,-0.0801,-0.0613,9.8290,0.2102,-0.1796,0.0498
17882302,-0.0780,-0.0519,9.8332,0.2127,-0.1530,0.0619
17882468,-0.0650,-0.0619,9.8243,0.2072,-0.0781,0.0649
17882635,-0.0744,-0.0603,9.8180,0.1881,-0.1502,0.1902
17882802,-0.0741,-0.0630,9.8187,0.2862,-0.1707,0.0379
17882968,-0.0799,-0.0501,9.8283,0.1417,-0.1548,0.0555
17883135,-0.0763,-0.0618,9.8339,0.2401,-0.0579,0.0599
17883302,-0.0707,-0.0557,9.8280,0.1902,-0.0929,0.1131
17883468,-0.0791,-0.0618,9.8317,0.1673,-0.1435,0.1393
17883635,-0.0965,-0.0599,9.8510,0.2830,-0.1922,0.0626
17883802,-0.0716,-0.0635,9.8304,0.1886,-0.0400,0.1046
17883968,-0.0762,-0.0686,9.8231,0.2480,-0.1004,0.0494
17884135,-0.0749,-0.0645,9.8297,0.2415,-0.1048,0.0655
17884302,-0.0880,-0.0643,9.8339,0.2183,-0.1326,0.0197
17884468,-0.0889,-0.0606,9.8311,0.1851,-0.1117,0.0784
17884635,-0.0744,-0.0622,9.8391,0.2878,-0.1245,0.1367
17884802,-0.0828,-0.0651,9.8263,0.2743,-0.1290,0.0969
17884968,-0.0810,-0.0629,9.8408,0.2130,-0.1651,0.0524
17885135,-0.0896,-0.0510,9.8495,0.2252,-0.1120,0.1252
17885302,-0.0833,-0.0575,9.8310,0.2177,-0.1459,0.0624
17885468,-0.0746,-0.0494,9.8418,0.2255,-0.1299,0.0926
17885635,-0.0741,-0.0636,9.8206,0.2870,-0.0887,0.0888
17885802,-0.0800,-0.0765,9.8290,0.1164,-0.1222,0.1340
17885969,-0.0818,-0.0675,9.8328,0.2383,-0.0867,0.1119
17886135,-0.0808,-0.0456,9.8339,0.2244,-0.1369,0.0733
17886302,-0.0713,-0.0552,9.8277,0.2899,-0.1475,0.0262
17886469,-0.0779,-0.0555,9.8440,0.2248,-0.0578,0.0870
17886635,-0.0755,-0.0505,9.8106,0.2383,-0.1856,0.1596
17886802,-0.0680,-0.0607,9.8224,0.2682,-0.1448,0.0763
17886969,-0.0766,-0.0632,9.8259,0.2593,-0.1131,0.0671
17887135,-0.0721,-0.0484,9.8243,0.1800,-0.1855,0.1143
17887302,-0.0801,-0.0605,9.8338,0.3109,-0.0997,0.0742
17887469,-0.0773,-0.0637,9.8310,0.2614,-0.1379,0.0719
17887635,-0.0820,-0.0584,9.8432,0.1980,-0.1334,0.1167
17887802,-0.0743,-0.0467,9.8346,0.2164,-0.0951,0.1301
17887969,-0.0716,-0.0675,9.8217,0.2568,-0.0905,0.0451
17888135,-0.0756,-0.0662,9.8331,0.1887,-0.1108,0.1323
17888302,-0.0714,-0.0520,9.8252,0.2297,-0.1011,0.0692
17888469,-0.0699,-0.0611,9.8309,0.2478,-0.0549,0.0442
17888635,-0.0793,-0.0632,9.8327,0.1938,-0.0818,0.0953
17888802,-0.0730,-0.0520,9.8184,0.2887,-0.0910,0.0427
17888969,-0.0803,-0.0675,9.8319,0.2831,-0.1000,0.1097
17889135,-0.0816,-0.0575,9.8235,0.2440,-0.1282,0.0681
17889302,-0.0638,-0.0699,9.8292,0.2271,-0.1058,0.1156
17889469,-0.0898,-0.0559,9.8341,0.2475,-0.1755,0.0989
17889635,-0.0963,-0.0427,9.8309,0.2121,-0.1623,0.0620
17889802,-0.0797,-0.0564,9.8346,0.2106,-0.1623,0.0626
17889969,-0.0795,-0.0584,9.8365,0.2337,-0.0702,0.0723
17890135,-0.0818,-0.0639,9.8231,0.2410,-0.0806,0.1115
17890302,-0.0711,-0.0502,9.8315,0.2375,-0.1297,0.0828
17890469,-0.0659,-0.0535,9.8255,0.1874,-0.1373,0.0696
17890635,-0.0705,-0.0553,9.8337,0.2304,-0.0394,0.0626
17890802,-0.0832,-0.0578,9.8317,0.2291,-0.0816,0.0881
17890969,-0.0809,-0.0530,9.8412,0.2331,-0.0872,0.1247
17891135,-0.0862,-0.0681,9.8314,0.2361,-0.1961,0.0473
17891302,-0.0858,-0.0652,9.8385,0.2495,-0.0780,0.1593
17891469,-0.0703,-0.0667,9.8377,0.2981,-0.1199,0.0795
17891635,-0.0837,-0.0724,9.8282,0.2286,-0.1495,0.0844
17891802,-0.0830,-0.0590,9.8207,0.2265,-0.1659,0.0560
17891969,-0.0830,-0.0589,9.8285,0.1903,-0.1246,0.0906
17892135,-0.0872,-0.0720,9.8396,0.2093,-0.1910,0.0965
17892302,-0.0723,-0.0512,9.8330,0.2354,-0.1538,0.0392
17892469,-0.0884,-0.0533,9.8427,0.2580,-0.0715,0.1044
17892635,-0.0695,-0.0637,9.8323,0.1916,-0.1235,0.1121
17892802,-0.0767,-0.0642,9.8266,0.2037,-0.1580,0.0946
17892969,-0.0793,-0.0596,9.8348,0.2785,-0.0924,0.0669
17893135,-0.0844,-0.0589,9.8324,0.2262,-0.1883,0.0452
17893302,-0.0814,-0.0654,9.8354,0.2907,-0.1423,0.1282
17893469,-0.0850,-0.0619,9.8328,0.1891,-0.0912,0.1026
17893635,-0.0700,-0.0370,9.8273,0.3003,-0.1742,0.1328
17893802,-0.0835,-0.0562,9.8373,0.2522,-0.1335,-0.0021
17893969,-0.0809,-0.0502,9.8291,0.1605,-0.1409,0.1557
17894135,-0.0921,-0.0525,9.8353,0.2469,-0.0848,0.1037
17894302,-0.0764,-0.0594,9.8295,0.2210,-0.1600,0.0266
17894469,-0.0750,-0.0542,9.8266,0.2811,-0.1397,0.0542
17894635,-0.0862,-0.0660,9.8335,0.2601,-0.1277,0.0795
17894802,-0.0772,-0.0591,9.8182,0.1496,-0.1180,0.0730
17894969,-0.0644,-0.0453,9.8342,0.2456,-0.0531,0.0676
17895135,-0.0855,-0.0418,9.8414,0.2050,-0.1459,0.0623
17895302,-0.0830,-0.0668,9.8284,0.2584,-0.1023,0.0411
17895469,-0.0839,-0.0700,9.8346,0.2196,-0.0954,0.0355
17895635,-0.0718,-0.0669,9.8192,0.2184,-0.1566,0.0755
17895802,-0.0791,-0.0734,9.8157,0.1638,-0.2058,0.0761
17895969,-0.0815,-0.0622,9.8373,0.1626,-0.1689,0.1323
17896135,-0.0776,-0.0616,9.8371,0.2069,-0.1472,0.0602
17896302,-0.0754,-0.0540,9.8273,0.2432,-0.1739,0.0373
17896469,-0.0662,-0.0568,9.8240,0.2116,-0.0977,0.1332
17896635,-0.0782,-0.0578,9.8197,0.2816,-0.1943,0.0401
17896802,-0.0721,-0.0533,9.8211,0.2364,-0.0860,0.0626
17896969,-0.0772,-0.0720,9.8257,0.2052,-0.1807,0.0539
17897135,-0.0780,-0.0493,9.8326,0.2320,-0.1043,0.1258
17897302,-0.0739,-0.0661,9.8291,0.2752,-0.0677,0.0625
17897469,-0.0819,-0.0583,9.8416,0.1981,-0.1363,0.0764
17897635,-0.0746,-0.0645,9.8223,0.2596,-0.1676,0.0715
17897802,-0.0854,-0.0681,9.8422,0.2400,-0.1400,0.0262
17897969,-0.0850,-0.0597,9.8246,0.2416,-0.1388,0.0525
17898135,-0.0932,-0.0698,9.8399,0.2192,-0.0835,0.0945
17898302,-0.0758,-0.0567,9.8351,0.2459,-0.1249,0.0701
17898469,-0.0823,-0.0453,9.8232,0.2260,-0.1716,0.0674
17898635,-0.0742,-0.0486,9.8348,0.1593,-0.1506,0.1038
17898802,-0.0818,-0.0615,9.8227,0.2591,-0.1226,0.0198
17898969,-0.0847,-0.0567,9.8455,0.2201,-0.1036,0.0757
17899135,-0.0746,-0.0646,9.8372,0.2636,-0.1313,0.1130
17899302,-0.0771,-0.0520,9.8333,0.2586,-0.1534,0.0497
17899469,-0.0646,-0.0547,9.8379,0.2733,-0.1103,0.0496
17899635,-0.0741,-0.0654,9.8363,0.2374,-0.0712,0.0609
17899802,-0.0786,-0.0723,9.8373,0.2381,-0.1681,0.0838
17899969,-0.0786,-0.0696,9.8230,0.1959,-0.1936,0.1423
17900135,-0.0844,-0.0432,9.8345,0.2488,-0.1385,0.0612
17900302,-0.0784,-0.0644,9.8348,0.2728,-0.1446,0.0527
17900469,-0.0718,-0.0469,9.8333,0.2708,-0.1872,0.1277
17900635,-0.0775,-0.0532,9.8282,0.2074,-0.1544,0.0887
17900802,-0.0713,-0.0588,9.8399,0.2771,-0.0909,0.0476
17900969,-0.0762,-0.0527,9.8582,0.2738,-0.1774,0.0864
17901135,-0.0843,-0.0639,9.8234,0.2568,-0.1268,0.1047
17901302,-0.0965,-0.0455,9.8341,0.1969,-0.1561,0.0424
17901469,-0.0904,-0.0543,9.8296,0.2681,-0.1312,0.0459
17901635,-0.0852,-0.0500,9.8429,0.2544,-0.1052,0.0885
17901802,-0.0761,-0.0525,9.8303,0.2139,-0.1617,0.0469
17901969,-0.0808,-0.0527,9.8336,0.2932,-0.0932,0.1055
17902135,-0.0742,-0.0721,9.8274,0.2609,-0.1472,0.0644
17902302,-0.0856,-0.0482,9.8264,0.1373,-0.1804,0.0420
17902469,-0.0881,-0.0614,9.8268,0.2184,-0.1340,0.0797
17902636,-0.0814,-0.0550,9.8215,0.1815,-0.1083,0.1082
17902802,-0.0789,-0.0759,9.8315,0.2177,-0.1332,0.1236
17902969,-0.0866,-0.0511,9.8392,0.2854,-0.1780,0.0711
17903136,-0.0853,-0.0552,9.8199,0.3291,-0.1088,0.0408
17903302,-0.0808,-0.0465,9.8300,0.2333,-0.1877,0.0504
17903469,-0.0750,-0.0721,9.8258,0.3431,-0.1335,0.0313
17903636,-0.0727,-0.0512,9.8237,0.2452,-0.0990,0.1100
17903802,-0.0750,-0.0639,9.8167,0.3172,-0.1075,0.0402
17903969,-0.0855,-0.0647,9.8256,0.1558,-0.1944,0.0309
17904136,-0.0818,-0.0646,9.8271,0.2911,-0.1953,0.0812
17904302,-0.0877,-0.0471,9.8252,0.2909,-0.1784,0.0955
17904469,-0.0860,-0.0502,9.8418,0.1553,-0.1445,0.0885
17904636,-0.0823,-0.0574,9.8357,0.2000,-0.1696,0.0133
17904802,-0.0836,-0.0601,9.8393,0.2023,-0.2025,0.0321
17904969,-0.0748,-0.0504,9.8234,0.2259,-0.1142,0.0614
17905136,-0.0660,-0.0681,9.8290,0.2278,-0.1286,0.1188
17905302,-0.0773,-0.0637,9.8309,0.1588,-0.1202,0.0828
17905469,-0.0868,-0.0585,9.8260,0.1713,-0.1193,0.0716
17905636,-0.0706,-0.0582,9.8384,0.2024,-0.1832,0.1530
17905802,-0.0769,-0.0549,9.8313,0.2682,-0.1380,0.0901
17905969,-0.0728,-0.0602,9.8303,0.2140,-0.1966,0.1304
17906136,-0.0847,-0.0681,9.8445,0.2727,-0.1788,0.1168
17906302,-0.0700,-0.0505,9.8311,0.2273,-0.2192,0.0716
17906469,-0.0763,-0.0639,9.8306,0.2182,-0.1487,0.0760
17906636,-0.0808,-0.0604,9.8344,0.2321,-0.0684,0.0812
17906802,-0.0799,-0.0537,9.8299,0.1392,-0.1567,0.1617
17906969,-0.0832,-0.0547,9.8302,0.2619,-0.1645,0.0853
17907136,-0.0746,-0.0675,9.8318,0.2972,-0.0801,0.0377
17907302,-0.0808,-0.0484,9.8255,0.2430,-0.1823,0.0884
17907469,-0.0772,-0.0651,9.8209,0.2488,-0.1680,0.0846
17907636,-0.0772,-0.0619,9.8330,0.2442,-0.1384,0.0119
17907802,-0.0858,-0.0676,9.8223,0.2200,-0.0828,0.0540
17907969,-0.0768,-0.0629,9.8345,0.2177,-0.1583,0.0736
17908136,-0.0830,-0.0409,9.8373,0.3128,-0.0792,0.1374
17908302,-0.0767,-0.0613,9.8344,0.1725,-0.1264,0.0823
17908469,-0.0794,-0.0569,9.8240,0.2520,-0.1956,0.0335
17908636,-0.0719,-0.0614,9.8270,0.2553,-0.1077,0.0998
17908802,-0.0748,-0.0629,9.8249,0.2961,-0.1370,0.1039
17908969,-0.0768,-0.0653,9.8301,0.2294,-0.2139,0.1070
17909136,-0.0817,-0.0488,9.8322,0.2531,-0.1176,0.0996
17909302,-0.0767,-0.0595,9.8308,0.3231,-0.1674,0.0903
17909469,-0.0912,-0.0725,9.8300,0.1980,-0.1235,0.0304
17909636,-0.0739,-0.0449,9.8233,0.2436,-0.1208,0.0982
17909802,-0.0830,-0.0596,9.8259,0.2415,-0.1370,0.0559
17909969,-0.0852,-0.0638,9.8340,0.1927,-0.1534,0.0981
17910136,-0.0922,-0.0509,9.8426,0.2217,-0.1024,0.1065
17910302,-0.0855,-0.0528,9.8241,0.2488,-0.1320,0.0666
17910469,-0.0794,-0.0528,9.8342,0.2693,-0.1685,0.1508
17910636,-0.0839,-0.0713,9.8379,0.1699,-0.1007,0.0640
17910802,-0.0822,-0.0585,9.8383,0.2534,-0.1472,0.0955
17910969,-0.0805,-0.0651,9.8334,0.2433,-0.1218,0.1317
17911136,-0.0755,-0.0567,9.8428,0.2092,-0.1872,0.0961
17911302,-0.0765,-0.0652,9.8235,0.2309,-0.1639,0.0535
17911469,-0.0818,-0.0604,9.8290,0.2337,-0.1594,0.0707
17911636,-0.0640,-0.0640,9.8312,0.2478,-0.1158,0.0641
17911802,-0.0854,-0.0541,9.8293,0.1364,-0.1574,0.0298
17911969,-0.0695,-0.0602,9.8280,0.2376,-0.0429,0.1041
17912136,-0.0831,-0.0542,9.8400,0.2478,-0.1644,0.0417
17912302,-0.0909,-0.0454,9.8296,0.2086,-0.1493,0.0716
17912469,-0.0769,-0.0464,9.8232,0.2021,-0.1093,0.0951
17912636,-0.0906,-0.0622,9.8355,0.1220,-0.0660,0.1085
17912802,-0.0933,-0.0522,9.8309,0.2631,-0.1653,0.0983
17912969,-0.0769,-0.0643,9.8305,0.2889,-0.1029,0.0718
17913136,-0.0808,-0.0578,9.8351,0.3234,-0.1488,0.0643
17913302,-0.0744,-0.0542,9.8407,0.1755,-0.1190,0.0456
17913469,-0.0849,-0.0595,9.8345,0.2283,-0.1526,0.0360
17913636,-0.0837,-0.0389,9.8259,0.2715,-0.1290,0.0929
17913802,-0.0897,-0.0584,9.8353,0.1929,-0.1463,0.0800
17913969,-0.0941,-0.0651,9.8146,0.1872,-0.1761,0.1142
17914136,-0.0864,-0.0553,9.8348,0.2395,-0.1556,0.0923
17914302,-0.0851,-0.0565,9.8331,0.2037,-0.0970,0.0853
17914469,-0.0540,-0.0691,9.8279,0.2201,-0.1512,0.0364
17914636,-0.0842,-0.0743,9.8348,0.1654,-0.1986,0.0924
17914802,-0.0800,-0.0563,9.8330,0.3077,-0.1494,0.0819
17914969,-0.0807,-0.0648,9.8321,0.2435,-0.2012,0.1347
17915136,-0.0809,-0.0647,9.8369,0.1892,-0.1290,0.0943
17915302,-0.0809,-0.0452,9.8314,0.2885,-0.1020,0.0627
17915469,-0.0746,-0.0672,9.8330,0.3380,-0.1605,0.0491
17915636,-0.0717,-0.0567,9.8372,0.2523,-0.0614,0.1688
17915802,-0.0794,-0.0532,9.8265,0.2293,-0.1150,0.1413
17915969,-0.0756,-0.0624,9.8419,0.1729,0.0219,0.0897
17916136,-0.0686,-0.0426,9.8330,0.2962,-0.1271,0.1576
17916302,-0.0907,-0.0546,9.8346,0.2169,-0.0952,0.0900
17916469,-0.0813,-0.0627,9.8244,0.1881,-0.0906,0.0756
17916636,-0.0746,-0.0623,9.8382,0.2846,-0.1010,0.1317
17916802,-0.0848,-0.0661,9.8307,0.2328,-0.1748,0.1078
17916969,-0.0863,-0.0619,9.8270,0.2007,-0.1290,0.0748
17917136,-0.0715,-0.0592,9.8205,0.2647,-0.1778,0.0495
17917302,-0.0788,-0.0620,9.8446,0.1793,-0.1695,0.0749
17917469,-0.0796,-0.0566,9.8250,0.2567,-0.1125,0.1412
17917636,-0.0756,-0.0447,9.8407,0.2478,-0.0749,0.0617
17917802,-0.0709,-0.0574,9.8392,0.2355,-0.1865,0.0801
17917969,-0.0819,-0.0588,9.8338,0.2808,-0.1505,0.0749
17918136,-0.0725,-0.0747,9.8277,0.2220,-0.1222,0.0736
17918302,-0.0891,-0.0528,9.8340,0.2588,-0.2066,0.0143
17918469,-0.0800,-0.0617,9.8222,0.2682,-0.1004,0.0747
17918636,-0.0800,-0.0545,9.8219,0.1911,-0.0643,-0.0113
17918802,-0.0688,-0.0455,9.8402,0.2428,-0.0892,0.0839
17918969,-0.0847,-0.0679,9.8215,0.2601,-0.1736,0.0222
17919136,-0.0858,-0.0616,9.8216,0.2004,-0.1412,0.0742
17919303,-0.0700,-0.0600,9.8307,0.2169,-0.1872,0.0317
17919469,-0.0876,-0.0506,9.8354,0.2161,-0.0524,0.0134
17919636,-0.0809,-0.0552,9.8316,0.1674,-0.1286,0.0761
17919803,-0.0792,-0.0547,9.8397,0.1778,-0.1459,0.0604
17919969,-0.0778,-0.0772,9.8349,0.3031,-0.0894,0.1045
17920136,-0.0787,-0.0669,9.8323,0.2884,-0.1167,0.1315
17920303,-0.0774,-0.0603,9.8232,0.2275,-0.1051,0.0730
17920469,-0.0837,-0.0553,9.8315,0.2130,-0.1304,0.0768
17920636,-0.0672,-0.0604,9.8181,0.2817,-0.1239,0.1000
17920803,-0.0828,-0.0566,9.8324,0.1667,-0.1483,0.1134
17920969,-0.0629,-0.0629,9.8392,0.2621,-0.1367,0.0285
17921136,-0.0658,-0.0645,9.8218,0.2571,-0.0910,0.0702
17921303,-0.0866,-0.0634,9.8286,0.2249,-0.0900,0.0883
17921469,-0.0932,-0.0612,9.8287,0.2494,-0.0914,0.0341
17921636,-0.0791,-0.0601,9.8401,0.1959,-0.0658,0.0829
17921803,-0.0779,-0.0652,9.8306,0.2951,-0.1197,0.1115
17921969,-0.0749,-0.0452,9.8235,0.2207,-0.1383,0.0710
17922136,-0.0798,-0.0561,9.8345,0.1579,-0.1002,0.1196
17922303,-0.0747,-0.0450,9.8410,0.2026,-0.0940,0.1017
17922469,-0.0868,-0.0574,9.8252,0.1941,-0.1560,0.0676
17922636,-0.0867,-0.0744,9.8318,0.2633,-0.1162,0.0602
17922803,-0.0866,-0.0646,9.8295,0.2600,-0.1706,0.1101
17922969,-0.0758,-0.0745,9.8352,0.3173,-0.0748,0.0970
17923136,-0.0800,-0.0649,9.8334,0.2298,-0.0897,0.0996
17923303,-0.0721,-0.0618,9.8303,0.2344,-0.1436,0.0127
17923469,-0.0848,-0.0647,9.8307,0.1627,-0.1443,0.0192
17923636,-0.0734,-0.0727,9.8177,0.2384,-0.1157,0.1058
17923803,-0.0856,-0.0586,9.8219,0.2184,-0.1294,0.1441
17923969,-0.0735,-0.0624,9.8220,0.2456,-0.1135,0.1344
17924136,-0.0868,-0.0652,9.8272,0.1438,-0.0889,0.0676
17924303,-0.0797,-0.0609,9.8379,0.2070,-0.1341,0.0447
17924469,-0.0830,-0.0574,9.8274,0.1868,-0.1332,0.1280
17924636,-0.0688,-0.0588,9.8368,0.1644,-0.1651,0.0424
17924803,-0.0850,-0.0603,9.8346,0.2682,-0.1110,0.1394
17924969,-0.0825,-0.0668,9.8293,0.1645,-0.1606,0.0761
17925136,-0.0840,-0.0601,9.8327,0.2224,-0.1736,0.1365
17925303,-0.0855,-0.0541,9.8181,0.2146,-0.0937,0.0288
17925469,-0.0793,-0.0537,9.8187,0.2244,-0.1619,0.1293
17925636,-0.0791,-0.0604,9.8403,0.2944,-0.1144,0.0376
17925803,-0.0770,-0.0632,9.8324,0.2268,-0.1821,0.1344
17925969,-0.0705,-0.0685,9.8386,0.2401,-0.1570,0.0587
17926136,-0.0770,-0.0548,9.8264,0.2781,-0.1667,0.1169
17926303,-0.0789,-0.0497,9.8521,0.2365,-0.2215,0.1168
17926469,-0.0780,-0.0522,9.8333,0.2609,-0.1501,0.1123
17926636,-0.0793,-0.0595,9.8426,0.2288,-0.1368,0.1674
17926803,-0.0820,-0.0589,9.8251,0.2053,-0.1309,0.1690
17926969,-0.0748,-0.0548,9.8260,0.2099,-0.1397,0.0653
17927136,-0.0750,-0.0639,9.8310,0.2088,-0.1629,0.0987
17927303,-0.0860,-0.0605,9.8359,0.2719,-0.1559,0.0519
17927469,-0.0789,-0.0671,9.8448,0.2552,-0.1716,0.1124
17927636,-0.0730,-0.0513,9.8486,0.1839,-0.1328,0.0989
17927803,-0.0804,-0.0614,9.8159,0.2019,-0.1433,0.0236
17927969,-0.0720,-0.0482,9.8425,0.2462,-0.1163,0.1064
17928136,-0.0668,-0.0731,9.8320,0.2449,-0.1671,0.0551
17928303,-0.0856,-0.0645,9.8425,0.1891,-0.1236,0.1181
17928469,-0.0756,-0.0597,9.8289,0.2168,-0.1027,0.0897
17928636,-0.0838,-0.0726,9.8341,0.2833,-0.1244,0.1187
17928803,-0.0727,-0.0599,9.8228,0.2568,-0.0657,0.1349
17928969,-0.0792,-0.0592,9.8324,0.2085,-0.1571,0.1043
17929136,-0.0847,-0.0753,9.8236,0.2049,-0.1109,0.0663
17929303,-0.0912,-0.0645,9.8264,0.2465,-0.1640,0.0830
17929469,-0.0738,-0.0595,9.8054,0.1777,-0.1042,0.0436
17929636,-0.0710,-0.0495,9.8414,0.2384,-0.2160,0.1251
17929803,-0.0785,-0.0542,9.8214,0.2740,-0.0957,0.1050
17929969,-0.0789,-0.0588,9.8378,0.2699,-0.1225,0.1361
17930136,-0.0816,-0.0562,9.8390,0.2704,-0.1658,0.1208
17930303,-0.0754,-0.0581,9.8431,0.2022,-0.1236,0.0737
17930469,-0.0790,-0.0582,9.8301,0.2539,-0.1200,0.0672
17930636,-0.0771,-0.0540,9.8329,0.2217,-0.1801,0.0461
17930803,-0.0794,-0.0617,9.8300,0.1980,-0.1303,0.1469
17930969,-0.0831,-0.0565,9.8281,0.2659,-0.1439,0.0566
17931136,-0.0742,-0.0622,9.8327,0.1072,-0.1593,-0.0233
17931303,-0.0741,-0.0637,9.8280,0.2259,-0.1136,0.1039
17931469,-0.0832,-0.0776,9.8326,0.2445,-0.1400,0.0314
17931636,-0.0747,-0.0601,9.8265,0.2014,-0.1093,0.0754
17931803,-0.0665,-0.0655,9.8403,0.2738,-0.1582,0.0232
17931969,-0.0672,-0.0638,9.8296,0.2127,-0.0815,0.0767
17932136,-0.0812,-0.0598,9.8258,0.2574,-0.1403,0.0591
17932303,-0.0646,-0.0529,9.8105,0.2672,-0.1520,0.0635
17932469,-0.0837,-0.0637,9.8283,0.2189,-0.0966,0.0434
17932636,-0.0870,-0.0597,9.8263,0.1820,-0.1747,0.1254
17932803,-0.0693,-0.0675,9.8240,0.2682,-0.1425,0.0951
17932969,-0.0800,-0.0570,9.8364,0.2736,-0.1511,0.0754
17933136,-0.0747,-0.0540,9.8342,0.2222,-0.1877,0.1164
17933303,-0.0735,-0.0535,9.8201,0.2607,-0.1811,0.0254
17933469,-0.0710,-0.0618,9.8282,0.2349,-0.1311,0.1051
17933636,-0.0789,-0.0524,9.8260,0.2544,-0.0953,0.1530
17933803,-0.0806,-0.0421,9.8285,0.2681,-0.0905,0.0627
17933969,-0.0754,-0.0619,9.8272,0.2591,-0.1133,0.0694
17934136,-0.0958,-0.0568,9.8355,0.2275,-0.1130,0.0423
17934303,-0.0917,-0.0513,9.8400,0.2523,-0.1543,0.0400
17934469,-0.0801,-0.0622,9.8244,0.2162,-0.1447,0.0900
17934636,-0.0782,-0.0519,9.8388,0.2522,-0.1942,0.1189
17934803,-0.0824,-0.0579,9.8239,0.2121,-0.0958,0.1008
17934969,-0.0787,-0.0610,9.8443,0.2363,-0.2059,0.1058
17935136,-0.0800,-0.0595,9.8396,0.2678,-0.0795,0.0241
17935303,-0.0834,-0.0740,9.8249,0.2446,-0.2225,0.1059
17935469,-0.0740,-0.0569,9.8339,0.2875,-0.1018,0.1285
17935636,-0.0737,-0.0718,9.8260,0.2250,-0.0791,0.1106
17935803,-0.0843,-0.0615,9.8382,0.3376,-0.1441,0.0771
17935970,-0.0825,-0.0502,9.8333,0.2084,-0.1620,0.0393
17936136,-0.0841,-0.0552,9.8404,0.1382,-0.1176,0.0780
17936303,-0.0842,-0.0696,9.8399,0.2749,-0.1583,0.1248
17936470,-0.0752,-0.0685,9.8403,0.2200,-0.1809,0.1084
17936636,-0.0740,-0.0652,9.8249,0.2323,-0.1325,0.0797
17936803,-0.0682,-0.0570,9.8356,0.2201,-0.1639,0.1320
17936970,-0.0860,-0.0709,9.8487,0.2426,-0.1107,0.0688
17937136,-0.0858,-0.0748,9.8237,0.2485,-0.1553,0.1252
17937303,-0.0820,-0.0548,9.8337,0.2244,-0.1569,0.0544
17937470,-0.0842,-0.0474,9.8282,0.1847,-0.1267,0.0620
17937636,-0.0808,-0.0638,9.8450,0.2054,-0.1781,0.0601
17937803,-0.0842,-0.0540,9.8377,0.1548,-0.1800,0.1196
17937970,-0.0683,-0.0652,9.8218,0.2601,-0.1432,0.0630
17938136,-0.0798,-0.0628,9.8319,0.3167,-0.1430,0.1391
17938303,-0.0819,-0.0631,9.8334,0.2219,-0.1629,0.0560
17938470,-0.0890,-0.0646,9.8283,0.2048,-0.1020,0.0752
17938636,-0.0897,-0.0574,9.8287,0.1994,-0.0782,0.0526
17938803,-0.0855,-0.0534,9.8365,0.2826,-0.0884,0.1112
17938970,-0.0762,-0.0635,9.8383,0.2410,-0.0863,0.0717
17939136,-0.0858,-0.0439,9.8307,0.1439,-0.1290,0.0680
17939303,-0.0683,-0.0677,9.8271,0.1948,-0.1200,-0.0083
17939470,-0.0935,-0.0807,9.8336,0.2085,-0.1340,0.0820
17939636,-0.0892,-0.0542,9.8253,0.2138,-0.1530,0.1497
17939803,-0.0820,-0.0568,9.8254,0.2614,-0.1616,0.0144
17939970,-0.0840,-0.0457,9.8404,0.2522,-0.0392,0.0785
17940136,-0.0878,-0.0537,9.8278,0.2801,-0.1153,0.0907
17940303,-0.0689,-0.0728,9.8470,0.1484,-0.1771,0.0755
17940470,-0.0895,-0.0557,9.8258,0.2238,-0.1728,0.0238
17940636,-0.0793,-0.0568,9.8320,0.2626,-0.2084,0.0933
17940803,-0.0779,-0.0724,9.8375,0.2375,-0.1654,0.1180
17940970,-0.0794,-0.0553,9.8398,0.1762,-0.1402,0.1321
17941136,-0.0828,-0.0597,9.8417,0.2010,-0.1469,0.0949
17941303,-0.0838,-0.0577,9.8374,0.2502,-0.2095,0.0823
17941470,-0.0717,-0.0712,9.8248,0.1686,-0.1358,0.0774
17941636,-0.0767,-0.0636,9.8205,0.2040,-0.1310,0.1319
17941803,-0.0866,-0.0740,9.8427,0.1932,-0.1595,0.0858
17941970,-0.0885,-0.0633,9.8268,0.2343,-0.1618,0.0873
17942136,-0.0891,-0.0658,9.8191,0.2117,-0.0715,0.0930
17942303,-0.0769,-0.0659,9.8294,0.2119,-0.1428,0.0855
17942470,-0.0766,-0.0577,9.8214,0.2176,-0.1493,0.0945
17942636,-0.0836,-0.0607,9.8229,0.2463,-0.0947,0.0313
17942803,-0.0873,-0.0682,9.8490,0.2432,-0.1063,0.0600
17942970,-0.0771,-0.0750,9.8305,0.2838,-0.1335,0.0652
17943136,-0.0794,-0.0587,9.8130,0.2997,-0.2056,0.0333
17943303,-0.0822,-0.0534,9.8311,0.2727,-0.1563,0.0920
17943470,-0.0759,-0.0616,9.8319,0.2409,-0.1470,0.0808
17943636,-0.0790,-0.0594,9.8353,0.1868,-0.0930,0.0536
17943803,-0.0863,-0.0607,9.8331,0.2027,-0.0995,0.0469
17943970,-0.0790,-0.0489,9.8393,0.1584,-0.1992,0.1241
17944136,-0.0821,-0.0618,9.8309,0.2485,-0.1630,0.0599
17944303,-0.0793,-0.0594,9.8370,0.1927,-0.0497,0.0739
17944470,-0.0813,-0.0570,9.8327,0.2410,-0.0886,0.0385
17944636,-0.0815,-0.0556,9.8255,0.2046,-0.1693,0.1133
17944803,-0.0763,-0.0567,9.8317,0.2504,-0.0873,0.0494
17944970,-0.0738,-0.0689,9.8204,0.2677,-0.1527,0.0864
17945136,-0.0822,-0.0592,9.8377,0.2423,-0.1745,0.0668
17945303,-0.0939,-0.0648,9.8406,0.1796,-0.1135,0.0402
17945470,-0.0860,-0.0579,9.8232,0.1629,-0.1226,0.0618
17945636,-0.0759,-0.0674,9.8278,0.1972,-0.0781,0.0728
17945803,-0.0855,-0.0659,9.8309,0.2433,-0.0992,0.1394
17945970,-0.0878,-0.0761,9.8250,0.2642,-0.1620,0.0885
17946136,-0.0886,-0.0587,9.8442,0.2585,-0.1357,0.0625
17946303,-0.0731,-0.0625,9.8193,0.1937,-0.0971,0.0537
17946470,-0.0638,-0.0403,9.8295,0.1619,-0.0944,0.0882
17946636,-0.0728,-0.0638,9.8270,0.2162,-0.1192,0.0732
17946803,-0.0684,-0.0653,9.8283,0.2092,-0.1417,0.0721
17946970,-0.0779,-0.0523,9.8227,0.2672,-0.1191,0.0595
17947136,-0.0826,-0.0469,9.8396,0.2015,-0.1255,0.0460
17947303,-0.0797,-0.0461,9.8315,0.2095,-0.0919,0.0498
17947470,-0.0844,-0.0704,9.8326,0.2514,-0.1210,0.0678
17947636,-0.0808,-0.0452,9.8208,0.2648,-0.0919,0.1009
17947803,-0.0816,-0.0651,9.8342,0.2591,-0.0975,0.0651
17947970,-0.0864,-0.0605,9.8331,0.2162,-0.0996,0.0706
17948136,-0.0798,-0.0626,9.8379,0.2807,-0.1254,0.1259
17948303,-0.0776,-0.0678,9.8261,0.2271,-0.1618,0.1215
17948470,-0.0777,-0.0686,9.8245,0.1775,-0.1212,0.0455
17948636,-0.0796,-0.0610,9.8268,0.2633,-0.1348,0.0337
17948803,-0.0723,-0.0668,9.8453,0.2113,-0.0753,0.0338
17948970,-0.0783,-0.0705,9.8387,0.2061,-0.0631,0.0543
17949136,-0.0776,-0.0683,9.8323,0.2466,-0.1075,0.0289
17949303,-0.0753,-0.0797,9.8272,0.1575,-0.1096,0.0618
17949470,-0.0797,-0.0628,9.8350,0.3021,-0.0664,0.0636
17949636,-0.0742,-0.0588,9.8197,0.2236,-0.1176,0.1117
17949803,-0.0776,-0.0685,9.8300,0.2071,-0.1019,0.1252
17949970,-0.0833,-0.0573,9.8385,0.2435,-0.1293,0.0347
17950136,-0.0749,-0.0595,9.8461,0.1926,-0.0997,0.0594
17950303,-0.0928,-0.0656,9.8379,0.2754,-0.0964,0.0553
17950470,-0.0803,-0.0639,9.8440,0.2407,-0.1278,0.1104
17950636,-0.0784,-0.0680,9.8352,0.2547,-0.1302,-0.0202
17950803,-0.0877,-0.0621,9.8384,0.2251,-0.0829,0.0640
17950970,-0.0756,-0.0562,9.8349,0.2300,-0.1101,0.0874
17951136,-0.0770,-0.0396,9.8375,0.2155,-0.0928,0.0932
17951303,-0.0845,-0.0528,9.8247,0.2423,-0.0600,0.0283
17951470,-0.0751,-0.0562,9.8282,0.2675,-0.0893,0.0924
17951636,-0.0696,-0.0582,9.8348,0.1828,-0.0365,0.0657
17951803,-0.0766,-0.0600,9.8386,0.1767,-0.1132,0.0380
17951970,-0.0849,-0.0581,9.8338,0.2519,-0.0838,0.0965
17952136,-0.0740,-0.0554,9.8264,0.2027,-0.0973,0.1147
17952303,-0.0725,-0.0605,9.8365,0.2477,-0.1944,0.0332
17952470,-0.0777,-0.0652,9.8287,0.2433,-0.1088,0.0243
17952637,-0.0882,-0.0656,9.8440,0.1554,-0.1267,0.0920
17952803,-0.0900,-0.0653,9.8239,0.2048,-0.0771,0.1326
17952970,-0.0809,-0.0670,9.8451,0.2773,-0.1244,0.1033
17953137,-0.0725,-0.0618,9.8253,0.2547,-0.1828,-0.0006
17953303,-0.0769,-0.0551,9.8301,0.2587,-0.1269,0.0654
17953470,-0.0790,-0.0583,9.8271,0.1826,-0.1312,0.0784
17953637,-0.0682,-0.0695,9.8426,0.2238,-0.0845,0.0648
17953803,-0.0667,-0.0642,9.8248,0.1951,-0.0924,0.1567
17953970,-0.0865,-0.0441,9.8243,0.2381,-0.1070,0.1066
17954137,-0.0768,-0.0681,9.8306,0.1849,-0.1238,0.0985
17954303,-0.0778,-0.0627,9.8448,0.2075,-0.0875,0.0613
17954470,-0.0900,-0.0718,9.8441,0.2527,-0.1032,0.1052
17954637,-0.0771,-0.0518,9.8400,0.2735,-0.0715,0.0691
17954803,-0.0801,-0.0590,9.8410,0.2444,-0.1408,0.0780
17954970,-0.0801,-0.0619,9.8243,0.2308,-0.1277,0.0379
17955137,-0.0804,-0.0582,9.8348,0.2196,-0.1231,0.0474
17955303,-0.0880,-0.0516,9.8397,0.1937,-0.1524,0.0843
17955470,-0.0675,-0.0764,9.8302,0.1728,-0.1289,0.1177
17955637,-0.0797,-0.0568,9.8362,0.1829,-0.1546,0.0213
17955803,-0.0819,-0.0648,9.8263,0.2817,-0.1012,0.0942
17955970,-0.0859,-0.0567,9.8271,0.2771,-0.1431,0.0811
17956137,-0.0748,-0.0647,9.8377,0.1812,-0.0462,0.0697
17956303,-0.0846,-0.0581,9.8275,0.2003,-0.0780,0.0359
17956470,-0.0768,-0.0609,9.8275,0.1904,-0.1305,0.0939
17956637,-0.0663,-0.0560,9.8192,0.2253,-0.1100,0.0340
17956803,-0.0753,-0.0538,9.8366,0.2051,-0.1622,0.0544
17956970,-0.0836,-0.0721,9.8418,0.2363,-0.1255,0.0516
17957137,-0.0718,-0.0636,9.8305,0.2389,-0.1269,0.0717
17957303,-0.0781,-0.0774,9.8311,0.2703,-0.0996,0.0864
17957470,-0.0775,-0.0672,9.8315,0.2863,-0.1592,0.0627
17957637,-0.0818,-0.0630,9.8246,0.2600,-0.2114,0.0774
17957803,-0.0806,-0.0532,9.8388,0.2706,-0.1597,0.0466
17957970,-0.0728,-0.0617,9.8319,0.2052,-0.1267,0.1203
17958137,-0.0823,-0.0555,9.8352,0.2459,-0.1833,0.0184
17958303,-0.0755,-0.0580,9.8161,0.2992,-0.1516,0.0898
17958470,-0.0816,-0.0473,9.8378,0.2292,-0.1747,0.1291
17958637,-0.0712,-0.0671,9.8300,0.2583,-0.1547,-0.0219
17958803,-0.0844,-0.0571,9.8254,0.2809,-0.1170,0.1002
17958970,-0.0837,-0.0673,9.8147,0.2501,-0.1532,0.1493
17959137,-0.0830,-0.0582,9.8269,0.2457,-0.1018,0.1776
17959303,-0.0866,-0.0597,9.8286,0.2383,-0.1003,0.0801
17959470,-0.0833,-0.0569,9.8262,0.2444,-0.1302,0.0874
17959637,-0.0699,-0.0620,9.8223,0.2213,-0.0504,0.0955
17959803,-0.0812,-0.0549,9.8165,0.1952,-0.1409,0.1456
17959970,-0.0713,-0.0720,9.8283,0.2266,-0.1526,0.0852
17960137,-0.0630,-0.0667,9.8345,0.2257,-0.0856,0.1213
17960303,-0.0740,-0.0609,9.8217,0.2190,-0.1582,0.0217
17960470,-0.0847,-0.0699,9.8327,0.1588,-0.1621,0.1165
17960637,-0.0768,-0.0569,9.8384,0.2420,-0.1335,0.1172
17960803,-0.0857,-0.0677,9.8347,0.1858,-0.1289,0.0831
17960970,-0.0796,-0.0554,9.8321,0.1838,-0.0835,0.1450
17961137,-0.0733,-0.0712,9.8331,0.2524,-0.0976,0.1095
17961303,-0.0768,-0.0551,9.8519,0.1394,-0.1557,0.1113
17961470,-0.0712,-0.0656,9.8221,0.2226,-0.1653,0.1217
17961637,-0.0892,-0.0616,9.8376,0.2725,-0.1557,0.1171
17961803,-0.0754,-0.0604,9.8312,0.3001,-0.2105,0.0918
17961970,-0.0837,-0.0737,9.8267,0.2365,-0.1515,0.1371
17962137,-0.0816,-0.0711,9.8206,0.2363,-0.1176,0.1214
17962303,-0.0669,-0.0563,9.8335,0.1781,-0.1269,0.0581
17962470,-0.0749,-0.0554,9.8339,0.2516,-0.1585,0.1213
17962637,-0.0797,-0.0606,9.8270,0.2082,-0.1309,0.0716
17962803,-0.0797,-0.0678,9.8327,0.2343,-0.0842,0.0764
17962970,-0.0873,-0.0619,9.8338,0.1694,-0.1154,0.1075
17963137,-0.0813,-0.0627,9.8330,0.1808,-0.1040,0.0224
17963303,-0.0698,-0.0656,9.8198,0.3255,-0.1493,0.0891
17963470,-0.0747,-0.0582,9.8264,0.1998,-0.0963,0.1086
17963637,-0.0812,-0.0505,9.8471,0.2603,-0.1161,0.0808
17963803,-0.0823,-0.0607,9.8200,0.2632,-0.1226,0.1394
17963970,-0.0724,-0.0749,9.8243,0.2350,-0.1127,0.1253
17964137,-0.0678,-0.0694,9.8250,0.1985,-0.1102,0.0757
17964303,-0.0862,-0.0516,9.8097,0.2782,-0.0941,0.0722
17964470,-0.0902,-0.0573,9.8379,0.2062,-0.1538,0.0769
17964637,-0.0770,-0.0611,9.8181,0.2384,-0.1694,0.0582
17964803,-0.0677,-0.0706,9.8332,0.2194,-0.1262,0.1182
17964970,-0.0693,-0.0686,9.8296,0.3358,-0.1297,0.1034
17965137,-0.0754,-0.0712,9.8171,0.3087,-0.0982,0.1214
17965303,-0.0721,-0.0478,9.8211,0.2289,-0.1289,0.1055
17965470,-0.0746,-0.0695,9.8242,0.1927,-0.2075,0.0194
17965637,-0.0762,-0.0706,9.8283,0.2297,-0.1914,0.0950
17965803,-0.0838,-0.0673,9.8401,0.1825,-0.1399,0.0493
17965970,-0.0865,-0.0451,9.8332,0.1896,-0.0867,0.0995
17966137,-0.0770,-0.0521,9.8272,0.2305,-0.1114,0.0808
17966303,-0.0917,-0.0351,9.8397,0.2167,-0.0961,0.0051
17966470,-0.0681,-0.0694,9.8307,0.2063,-0.1471,0.1258
17966637,-0.0698,-0.0691,9.8302,0.1981,-0.1663,0.0142
17966803,-0.0784,-0.0475,9.8398,0.2342,-0.1617,0.0752
17966970,-0.0799,-0.0536,9.8296,0.2365,-0.1052,0.0650
17967137,-0.0753,-0.0608,9.8415,0.2104,-0.0805,0.0771
17967303,-0.0654,-0.0598,9.8254,0.1897,-0.1077,0.0801
17967470,-0.0818,-0.0622,9.8253,0.2154,-0.1104,0.0399
17967637,-0.0676,-0.0726,9.8311,0.2100,-0.1385,0.0619
17967803,-0.0840,-0.0497,9.8257,0.2359,-0.1304,0.0717
17967970,-0.0821,-0.0625,9.8322,0.2266,-0.1727,0.0688
17968137,-0.0696,-0.0757,9.8255,0.3245,-0.1576,0.1056
17968303,-0.0789,-0.0700,9.8312,0.2598,-0.1544,0.0651
17968470,-0.0895,-0.0683,9.8271,0.2457,-0.1746,0.1218
17968637,-0.0740,-0.0711,9.8231,0.2513,-0.1255,0.1238
17968803,-0.0685,-0.0717,9.8249,0.2500,-0.0883,0.0573
17968970,-0.0712,-0.0686,9.8493,0.2184,-0.1341,-0.0389
17969137,-0.0717,-0.0623,9.8382,0.2580,-0.1085,0.0045
17969304,-0.0778,-0.0617,9.8265,0.2005,-0.1279,0.0803
17969470,-0.0680,-0.0665,9.8346,0.2067,-0.2008,0.0438
17969637,-0.0777,-0.0637,9.8287,0.2420,-0.1140,0.1007
17969804,-0.0836,-0.0461,9.8447,0.2523,-0.1311,0.0709
17969970,-0.0778,-0.0572,9.8268,0.2400,-0.1040,0.1009
17970137,-0.0782,-0.0479,9.8258,0.2787,-0.0807,0.0468
17970304,-0.0804,-0.0681,9.8374,0.2317,-0.2097,0.0027
17970470,-0.0703,-0.0558,9.8444,0.2231,-0.1336,0.0632
17970637,-0.0766,-0.0662,9.8357,0.3013,-0.2064,0.1300
17970804,-0.0830,-0.0587,9.8319,0.2076,-0.1332,0.0768
17970970,-0.0773,-0.0504,9.8399,0.2230,-0.1224,0.1483
17971137,-0.0688,-0.0689,9.8314,0.2094,-0.1764,0.0853
17971304,-0.0677,-0.0566,9.8292,0.2140,-0.1537,0.0853
17971470,-0.0817,-0.0648,9.8282,0.2277,-0.1945,0.1620
17971637,-0.0723,-0.0621,9.8290,0.2658,-0.1718,0.1145
17971804,-0.0814,-0.0631,9.8339,0.2568,-0.1495,0.0563
17971970,-0.0742,-0.0650,9.8351,0.1957,-0.1603,0.1007
17972137,-0.0857,-0.0609,9.8359,0.2329,-0.1023,0.0331
17972304,-0.0798,-0.0489,9.8229,0.1925,-0.1521,0.0768
17972470,-0.0767,-0.0486,9.8400,0.2706,-0.1415,0.0985
17972637,-0.0763,-0.0544,9.8334,0.3022,-0.0800,0.0476
17972804,-0.0747,-0.0634,9.8449,0.1865,-0.1272,0.0958
17972970,-0.0762,-0.0559,9.8427,0.2947,-0.1381,0.0116
17973137,-0.0743,-0.0602,9.8332,0.2523,-0.1598,0.0514
17973304,-0.0882,-0.0547,9.8217,0.1450,-0.1289,0.0575
17973470,-0.0790,-0.0501,9.8373,0.2737,-0.1182,0.1266
17973637,-0.0750,-0.0474,9.8298,0.2472,-0.1290,0.1502
17973804,-0.0832,-0.0467,9.8347,0.1987,-0.1200,0.0822
17973970,-0.0756,-0.0682,9.8330,0.1875,-0.1139,-0.0131
17974137,-0.0825,-0.0595,9.8367,0.2417,-0.1299,0.0090
17974304,-0.0742,-0.0419,9.8113,0.1801,-0.1629,0.0936
17974470,-0.0825,-0.0584,9.8331,0.1922,-0.1404,0.0643
17974637,-0.0843,-0.0487,9.8339,0.2012,-0.1553,0.1533
17974804,-0.0867,-0.0588,9.8203,0.2805,-0.0828,0.1668
17974970,-0.0703,-0.0531,9.8237,0.2601,-0.1493,0.0559
17975137,-0.0870,-0.0761,9.8364,0.1967,-0.1131,0.0217
17975304,-0.0730,-0.0693,9.8339,0.3084,-0.1171,0.0669
17975470,-0.0796,-0.0572,9.8231,0.2550,-0.2092,0.0539
17975637,-0.0797,-0.0671,9.8384,0.1927,-0.1168,0.0548
17975804,-0.0860,-0.0590,9.8317,0.2340,-0.1585,0.0820
17975970,-0.0739,-0.0801,9.8254,0.2478,-0.1278,0.0807
17976137,-0.0697,-0.0487,9.8243,0.1959,-0.1584,0.0909
17976304,-0.0802,-0.0724,9.8378,0.2407,-0.1199,0.0857
17976470,-0.0791,-0.0837,9.8325,0.2872,-0.0908,0.1164
17976637,-0.0819,-0.0465,9.8260,0.1304,-0.1632,0.0833
17976804,-0.0713,-0.0529,9.8220,0.2157,-0.1331,0.1187
17976970,-0.0832,-0.0621,9.8378,0.3079,-0.1205,0.0491
17977137,-0.0573,-0.0595,9.8261,0.1985,-0.1940,0.0685
17977304,-0.0804,-0.0690,9.8404,0.2282,-0.1388,-0.0126
17977470,-0.0766,-0.0659,9.8397,0.1575,-0.1553,0.1109
17977637,-0.0729,-0.0745,9.8413,0.3012,-0.1183,0.0643
17977804,-0.0820,-0.0514,9.8341,0.2907,-0.0722,0.0851
17977970,-0.0860,-0.0655,9.8384,0.2456,-0.1136,0.1004
17978137,-0.0604,-0.0461,9.8259,0.1636,-0.1710,0.0971
17978304,-0.0668,-0.0675,9.8424,0.2788,-0.1340,0.1163
17978470,-0.0773,-0.0584,9.8431,0.2336,-0.1435,0.0357
17978637,-0.0838,-0.0668,9.8287,0.2563,-0.1064,0.0732
17978804,-0.0716,-0.0579,9.8429,0.2501,-0.1416,0.1038
17978970,-0.0740,-0.0593,9.8237,0.2000,-0.1076,0.0755
17979137,-0.0759,-0.0682,9.8320,0.1666,-0.0673,0.0653
17979304,-0.0778,-0.0463,9.8225,0.2798,-0.1354,0.0831
17979470,-0.0782,-0.0682,9.8383,0.2830,-0.1200,0.0855
17979637,-0.0717,-0.0682,9.8419,0.2301,-0.1292,0.0579
17979804,-0.0734,-0.0657,9.8369,0.2931,-0.1111,0.1416
17979970,-0.0804,-0.0457,9.8218,0.2524,-0.1290,0.0789
17980137,-0.0806,-0.0480,9.8367,0.1734,-0.1647,0.0420
17980304,-0.0801,-0.0653,9.8345,0.2766,-0.0975,0.0742
17980470,-0.0734,-0.0633,9.8316,0.1893,-0.1493,0.0581
17980637,-0.0716,-0.0644,9.8255,0.2343,-0.1539,0.1215
17980804,-0.0826,-0.0719,9.8396,0.2501,-0.1674,0.0739
17980970,-0.0685,-0.0585,9.8320,0.2011,-0.1401,0.0740
17981137,-0.0648,-0.0595,9.8313,0.2833,-0.1429,0.0670
17981304,-0.0791,-0.0639,9.8223,0.2705,-0.1607,0.0991
17981470,-0.0837,-0.0608,9.8329,0.2809,-0.1155,0.0221
17981637,-0.0781,-0.0610,9.8223,0.2286,-0.1604,0.0668
17981804,-0.0692,-0.0564,9.8228,0.1905,-0.1479,0.0559
17981970,-0.0737,-0.0603,9.8259,0.2410,-0.1146,0.1111
17982137,-0.0782,-0.0584,9.8308,0.1830,-0.1854,0.1360
17982304,-0.0780,-0.0573,9.8262,0.1935,-0.0996,0.0733
17982470,-0.0768,-0.0526,9.8339,0.2048,-0.1483,0.0387
17982637,-0.0772,-0.0600,9.8235,0.1887,-0.1372,0.0784
17982804,-0.0810,-0.0696,9.8377,0.2230,-0.1262,0.0695
17982970,-0.0767,-0.0669,9.8396,0.1970,-0.1421,0.0599
17983137,-0.0721,-0.0488,9.8451,0.2818,-0.1143,0.0537
17983304,-0.0794,-0.0547,9.8256,0.2398,-0.1523,0.1286
17983470,-0.0868,-0.0600,9.8308,0.2455,-0.1193,0.0733
17983637,-0.0760,-0.0698,9.8459,0.2177,-0.1915,0.0913
17983804,-0.0724,-0.0621,9.8268,0.2508,-0.1418,0.0719
17983970,-0.0712,-0.0513,9.8409,0.2492,-0.1187,0.0745
17984137,-0.0815,-0.0473,9.8248,0.2422,-0.1997,0.0793
17984304,-0.0774,-0.0570,9.8296,0.2669,-0.1344,0.1589
17984470,-0.0775,-0.0523,9.8361,0.2922,-0.1237,0.0491
17984637,-0.0824,-0.0601,9.8212,0.2139,-0.1727,-0.0010
17984804,-0.0719,-0.0438,9.8253,0.1297,-0.1622,0.0337
17984970
17985137
