DeviceTag: Xsens DOT0,FirmwareVersion: 2.2.1,AppVersion: 2022.2.0,SyncStatus: Unknown (Synced/Un-synced),OutputRate: 60,FilterProfile: Unknown,Measurement Mode: Inertial Mode - Rate quantities,StartTime: 2022-12-03 22:44:55.933,Â© Movella Technologies B.V. 2005-2022
SampleTimeFine,Acc_X,Acc_Y,Acc_Z,Gyr_X,Gyr_Y,Gyr_Z
17830448,-0.2385,-0.0586,9.8507,-0.1893,-0.1482,0.0359
17830614,-0.2260,-0.0636,9.8492,-0.1626,-0.1931,-0.0274
17830781,-0.2283,-0.0642,9.8561,-0.1650,-0.0871,-0.0210
17830948,-0.2279,-0.0631,9.8542,-0.2601,-0.1150,-0.0177
17831114,-0.2291,-0.0618,9.8508,-0.1673,-0.0955,0.0250
17831281,-0.2350,-0.0587,9.8631,-0.2302,-0.1684,0.0308
17831448,-0.2325,-0.0712,9.8540,-0.1919,-0.1910,-0.0738
17831614,-0.2344,-0.0616,9.8494,-0.1597,-0.0967,-0.0706
17831781,-0.2273,-0.0576,9.8531,-0.1229,-0.1717,-0.0038
17831948,-0.2397,-0.0612,9.8485,-0.1696,-0.1809,-0.1155
17832114,-0.2385,-0.0548,9.8596,-0.1682,-0.1749,-0.1095
17832281,-0.2337,-0.0649,9.8541,-0.1502,-0.1658,-0.0281
17832448,-0.2342,-0.0706,9.8556,-0.1633,-0.2005,-0.1137
17832614,-0.2310,-0.0626,9.8556,-0.1351,-0.1363,-0.0188
17832781,-0.2262,-0.0562,9.8511,-0.1859,-0.1844,-0.0949
17832948,-0.2396,-0.0668,9.8443,-0.1949,-0.1157,-0.0359
17833114,-0.2316,-0.0698,9.8609,-0.1349,-0.1058,-0.0381
17833281,-0.2382,-0.0688,9.8649,-0.1839,-0.1899,-0.0137
17833448,-0.2256,-0.0671,9.8530,-0.1812,-0.0724,-0.0688
17833614,-0.2382,-0.0560,9.8583,-0.2451,-0.2211,-0.0828
17833781,-0.2343,-0.0644,9.8568,-0.1692,-0.1393,0.0064
17833948,-0.2336,-0.0589,9.8559,-0.2015,-0.1661,-0.0634
17834114,-0.2373,-0.0556,9.8552,-0.1482,-0.0871,-0.0261
17834281,-0.2453,-0.0778,9.8497,-0.1584,-0.1199,-0.1437
17834448,-0.2324,-0.0661,9.8521,-0.1345,-0.1786,-0.1244
17834614,-0.2271,-0.0647,9.8550,-0.1777,-0.1448,-0.0839
17834781,-0.2355,-0.0677,9.8502,-0.2579,-0.2293,-0.0073
17834948,-0.2344,-0.0496,9.8517,-0.1281,-0.1234,-0.0294
17835114,-0.2316,-0.0664,9.8640,-0.1245,-0.1925,-0.0634
17835281,-0.2339,-0.0690,9.8570,-0.2091,-0.1945,-0.0207
17835448,-0.2377,-0.0619,9.8555,-0.1394,-0.1091,-0.0747
17835614,-0.2326,-0.0582,9.8592,-0.1972,-0.1144,-0.0167
17835781,-0.2352,-0.0574,9.8424,-0.1637,-0.1991,-0.0928
17835948,-0.2427,-0.0536,9.8564,-0.1964,-0.2170,-0.0436
17836114,-0.2299,-0.0594,9.8478,-0.1540,-0.1310,-0.0731
17836281,-0.2310,-0.0657,9.8535,-0.2803,-0.1221,-0.1815
17836448,-0.2270,-0.0618,9.8613,-0.1907,-0.1515,-0.0808
17836614,-0.2269,-0.0546,9.8581,-0.2180,-0.1363,-0.0236
17836781,-0.2361,-0.0525,9.8648,-0.0825,-0.1357,-0.0414
17836948,-0.2336,-0.0615,9.8512,-0.2773,-0.1148,-0.0387
17837114,-0.2386,-0.0757,9.8583,-0.1503,-0.1836,-0.0956
17837281,-0.2237,-0.0532,9.8551,-0.1160,-0.1301,-0.0606
17837448,-0.2256,-0.0592,9.8573,-0.1691,-0.1091,-0.1031
17837614,-0.2339,-0.0532,9.8568,-0.1489,-0.1191,-0.0532
17837781,-0.2341,-0.0667,9.8675,-0.1865,-0.1166,-0.0644
17837948,-0.2302,-0.0563,9.8560,-0.1754,-0.1058,-0.0256
17838114,-0.2343,-0.0569,9.8590,-0.1211,-0.1708,-0.0613
17838281,-0.2422,-0.0678,9.8453,-0.1016,-0.1292,-0.0638
17838448,-0.2452,-0.0610,9.8639,-0.2039,-0.1410,-0.0645
17838614,-0.2327,-0.0418,9.8384,-0.1922,-0.1372,-0.0948
17838781,-0.2470,-0.0550,9.8516,-0.2367,-0.1214,-0.0236
17838948,-0.2366,-0.0491,9.8601,-0.1807,-0.0824,-0.1308
17839114,-0.2340,-0.0608,9.8593,-0.1308,-0.1384,-0.1256
17839281,-0.2270,-0.0765,9.8476,-0.0959,-0.1272,-0.0169
17839448,-0.2416,-0.0606,9.8496,-0.2035,-0.1984,-0.0291
17839614,-0.2333,-0.0648,9.8484,-0.1623,-0.1425,-0.0412
17839781,-0.2189,-0.0557,9.8465,-0.1003,-0.1651,-0.0405
17839948,-0.2317,-0.0760,9.8544,-0.2012,-0.1358,-0.0118
17840114,-0.2298,-0.0709,9.8468,-0.1377,-0.2081,-0.0206
17840281,-0.2256,-0.0573,9.8527,-0.2261,-0.1762,-0.0520
17840448,-0.2433,-0.0638,9.8616,-0.1674,-0.1717,-0.0025
17840614,-0.2318,-0.0520,9.8583,-0.1809,-0.1920,-0.0116
17840781,-0.2397,-0.0589,9.8596,-0.1630,-0.2011,-0.0969
17840948,-0.2297,-0.0526,9.8549,-0.1717,-0.2219,-0.1179
17841114,-0.2351,-0.0624,9.8510,-0.1721,-0.1854,-0.0772
17841281,-0.2382,-0.0551,9.8508,-0.1323,-0.1087,-0.1236
17841448,-0.2332,-0.0598,9.8452,-0.2060,-0.1720,-0.0300
17841614,-0.2370,-0.0562,9.8545,-0.1695,-0.1159,-0.0734
17841781,-0.2321,-0.0543,9.8570,-0.1313,-0.1325,-0.0805
17841948,-0.2364,-0.0660,9.8528,-0.1068,-0.1722,-0.0549
17842114,-0.2423,-0.0546,9.8508,-0.2311,-0.1486,-0.0635
17842281,-0.2424,-0.0553,9.8596,-0.1308,-0.1164,-0.0621
17842448,-0.2369,-0.0565,9.8650,-0.2429,-0.0732,-0.0367
17842615,-0.2374,-0.0595,9.8558,-0.1377,-0.1116,-0.0412
17842781,-0.2290,-0.0642,9.8580,-0.1267,-0.1461,-0.0277
17842948,-0.2389,-0.0712,9.8440,-0.1096,-0.1208,-0.0277
17843115,-0.2328,-0.0583,9.8552,-0.1081,-0.1701,-0.0765
17843281,-0.2326,-0.0582,9.8382,-0.1725,-0.1120,-0.0251
17843448,-0.2448,-0.0594,9.8518,-0.2283,-0.1243,0.0026
17843615,-0.2328,-0.0514,9.8601,-0.1981,-0.1503,-0.0889
17843781,-0.2409,-0.0616,9.8621,-0.1520,-0.1381,-0.0502
17843948,-0.2364,-0.0540,9.8499,-0.1532,-0.1298,-0.0692
17844115,-0.2394,-0.0661,9.8464,-0.1590,-0.1489,0.0278
17844281,-0.2382,-0.0499,9.8563,-0.1591,-0.1178,0.0184
17844448,-0.2408,-0.0502,9.8387,-0.1288,-0.1418,-0.0694
17844615,-0.2266,-0.0579,9.8461,-0.1604,-0.1493,-0.0198
17844781,-0.2233,-0.0580,9.8638,-0.2564,-0.1682,-0.0454
17844948,-0.2394,-0.0668,9.8615,-0.1762,-0.1227,-0.0905
17845115,-0.2317,-0.0688,9.8506,-0.2038,-0.1722,-0.0446
17845281,-0.2186,-0.0641,9.8559,-0.1308,-0.1429,-0.1326
17845448,-0.2321,-0.0711,9.8494,-0.1931,-0.1628,-0.0350
17845615,-0.2281,-0.0455,9.8480,-0.1409,-0.1169,-0.0618
17845781,-0.2425,-0.0634,9.8492,-0.1049,-0.1183,-0.1033
17845948,-0.2256,-0.0591,9.8621,-0.1474,-0.2170,-0.1405
17846115,-0.2245,-0.0467,9.8551,-0.1292,-0.1572,-0.0398
17846281,-0.2392,-0.0557,9.8588,-0.1956,-0.1244,-0.1099
17846448,-0.2237,-0.0622,9.8459,-0.1526,-0.1729,-0.0621
17846615,-0.2366,-0.0626,9.8472,-0.2038,-0.1404,-0.0330
17846781,-0.2290,-0.0567,9.8656,-0.1941,-0.0813,-0.0817
17846948,-0.2412,-0.0548,9.8487,-0.1677,-0.1868,-0.1065
17847115,-0.2436,-0.0623,9.8569,-0.2035,-0.1626,0.0037
17847281,-0.2396,-0.0536,9.8481,-0.1813,-0.1534,-0.0614
17847448,-0.2277,-0.0643,9.8512,-0.1244,-0.1739,-0.0576
17847615,-0.2357,-0.0544,9.8550,-0.1864,-0.2309,-0.0377
17847781,-0.2364,-0.0575,9.8478,-0.1325,-0.1543,-0.0372
17847948,-0.2246,-0.0574,9.8480,-0.1904,-0.1380,-0.1039
17848115,-0.2368,-0.0681,9.8447,-0.1832,-0.1486,-0.0970
17848281,-0.2368,-0.0581,9.8567,-0.1214,-0.1546,-0.0101
17848448,-0.2290,-0.0734,9.8578,-0.2041,-0.1543,-0.0988
17848615,-0.2265,-0.0607,9.8727,-0.0958,-0.0846,0.0036
17848781,-0.2433,-0.0559,9.8418,-0.1637,-0.0663,-0.0987
17848948,-0.2296,-0.0610,9.8515,-0.1836,-0.0824,-0.0365
17849115,-0.2278,-0.0587,9.8566,-0.1626,-0.0987,-0.1091
17849281,-0.2372,-0.0604,9.8538,-0.2435,-0.1820,-0.0508
17849448,-0.2343,-0.0666,9.8392,-0.1848,-0.1454,-0.0769
17849615,-0.2407,-0.0551,9.8435,-0.2137,-0.1667,-0.0437
17849781,-0.2291,-0.0586,9.8514,-0.2402,-0.2278,0.0232
17849948,-0.2317,-0.0599,9.8487,-0.1461,-0.1397,-0.1202
17850115,-0.2271,-0.0518,9.8537,-0.2248,-0.0874,-0.0833
17850281,-0.2398,-0.0638,9.8539,-0.1388,-0.1751,-0.0317
17850448,-0.2231,-0.0654,9.8638,-0.2384,-0.0741,-0.0753
17850615,-0.2307,-0.0641,9.8510,-0.1865,-0.0998,-0.0987
17850781,-0.2334,-0.0583,9.8578,-0.1779,-0.1673,-0.0157
17850948,-0.2504,-0.0595,9.8601,-0.1656,-0.1799,-0.0076
17851115,-0.2268,-0.0483,9.8419,-0.1981,-0.1429,-0.0411
17851281,-0.2316,-0.0594,9.8538,-0.1403,-0.1010,-0.1176
17851448,-0.2363,-0.0749,9.8603,-0.2200,-0.2083,-0.0943
17851615,-0.2206,-0.0502,9.8571,-0.1379,-0.1533,-0.0417
17851781,-0.2417,-0.0559,9.8541,-0.2123,-0.1492,-0.0637
17851948,-0.2338,-0.0516,9.8479,-0.2168,-0.0857,-0.0498
17852115,-0.2299,-0.0599,9.8508,-0.1766,-0.1833,-0.0498
17852281,-0.2403,-0.0439,9.8565,-0.1718,-0.2193,-0.0904
17852448,-0.2391,-0.0506,9.8407,-0.2103,-0.1875,-0.0836
17852615,-0.2192,-0.0538,9.8578,-0.2555,-0.1289,-0.0297
17852781,-0.2454,-0.0715,9.8566,-0.1788,-0.1514,-0.0726
17852948,-0.2355,-0.0654,9.8712,-0.1923,-0.1293,-0.0770
17853115,-0.2293,-0.0581,9.8464,-0.1875,-0.0813,-0.0459
17853281,-0.2287,-0.0630,9.8508,-0.1518,-0.1492,-0.0674
17853448,-0.2399,-0.0585,9.8493,-0.1873,-0.1264,-0.0765
17853615,-0.2336,-0.0603,9.8610,-0.1881,-0.1948,-0.1580
17853781,-0.2463,-0.0696,9.8509,-0.1409,-0.1489,0.0029
17853948,-0.2461,-0.0620,9.8635,-0.2156,-0.1856,-0.0535
17854115,-0.2297,-0.0587,9.8495,-0.1426,-0.1639,-0.0464
17854281,-0.2435,-0.0624,9.8495,-0.0979,-0.1518,-0.0352
17854448,-0.2298,-0.0530,9.8668,-0.1851,-0.1485,-0.0378
17854615,-0.2335,-0.0580,9.8512,-0.2309,-0.1951,-0.0300
17854781,-0.2219,-0.0442,9.8503,-0.1002,-0.1428,-0.0740
17854948,-0.2236,-0.0619,9.8467,-0.1676,-0.1610,-0.0763
17855115,-0.2375,-0.0635,9.8557,-0.2076,-0.1502,-0.0188
17855281,-0.2297,-0.0500,9.8564,-0.0996,-0.1650,-0.0484
17855448,-0.2333,-0.0577,9.8597,-0.2486,-0.1604,-0.0145
17855615,-0.2413,-0.0716,9.8612,-0.1668,-0.1204,-0.1314
17855781,-0.2273,-0.0459,9.8605,-0.1915,-0.1583,-0.0911
17855948,-0.2187,-0.0503,9.8499,-0.1663,-0.1588,-0.0641
17856115,-0.2454,-0.0628,9.8554,-0.1702,-0.1214,-0.0554
17856281,-0.2352,-0.0575,9.8509,-0.1023,-0.1711,-0.0734
17856448,-0.2401,-0.0554,9.8524,-0.1874,-0.0940,-0.0430
17856615,-0.2279,-0.0578,9.8432,-0.2049,-0.1936,-0.0852
17856781,-0.2351,-0.0571,9.8576,-0.1553,-0.1530,-0.0327
17856948,-0.2285,-0.0538,9.8486,-0.1937,-0.1611,-0.1335
17857115,-0.2357,-0.0705,9.8486,-0.2508,-0.1734,-0.0749
17857281,-0.2315,-0.0601,9.8467,-0.1554,-0.2018,-0.0643
17857448,-0.2416,-0.0574,9.8572,-0.1724,-0.1229,-0.0147
17857615,-0.2319,-0.0597,9.8521,-0.1659,-0.0824,-0.0436
17857781,-0.2318,-0.0708,9.8605,-0.2095,-0.1674,-0.1404
17857948,-0.2405,-0.0625,9.8515,-0.1456,-0.1231,-0.1077
17858115,-0.2255,-0.0657,9.8517,-0.1104,-0.1889,-0.0723
17858281,-0.2362,-0.0522,9.8586,-0.1516,-0.1016,0.0281
17858448,-0.2437,-0.0636,9.8339,-0.1663,-0.1281,-0.0005
17858615,-0.2393,-0.0750,9.8549,-0.1119,-0.0723,-0.1030
17858781,-0.2512,-0.0506,9.8429,-0.2071,-0.1198,-0.0555
17858948,-0.2305,-0.0530,9.8464,-0.1233,-0.1379,-0.0331
17859115,-0.2317,-0.0416,9.8537,-0.2921,-0.0907,-0.0452
17859282,-0.2324,-0.0564,9.8653,-0.1381,-0.0517,-0.0919
17859448,-0.2373,-0.0613,9.8504,-0.2098,-0.1475,-0.0163
17859615,-0.2263,-0.0514,9.8497,-0.1257,-0.0999,0.0023
17859782,-0.2387,-0.0569,9.8609,-0.2768,-0.1879,0.0276
17859948,-0.2256,-0.0575,9.8503,-0.1307,-0.1478,-0.0688
17860115,-0.2301,-0.0553,9.8576,-0.1352,-0.1063,-0.0018
17860282,-0.2374,-0.0663,9.8513,-0.1128,-0.1966,-0.0741
17860448,-0.2285,-0.0522,9.8614,-0.1187,-0.1716,-0.0403
17860615,-0.2271,-0.0571,9.8590,-0.2073,-0.1312,-0.0657
17860782,-0.2249,-0.0574,9.8572,-0.2117,-0.1319,-0.0994
17860948,-0.2235,-0.0667,9.8468,-0.1017,-0.1033,-0.0799
17861115,-0.2270,-0.0543,9.8465,-0.1343,-0.1125,-0.0527
17861282,-0.2424,-0.0620,9.8494,-0.1116,-0.1045,-0.0546
17861448,-0.2370,-0.0654,9.8519,-0.1301,-0.1451,-0.0495
17861615,-0.2320,-0.0650,9.8525,-0.2123,-0.1460,-0.0359
17861782,-0.2301,-0.0596,9.8531,-0.1753,-0.1882,-0.1017
17861948,-0.2326,-0.0695,9.8539,-0.1018,-0.1311,-0.0618
17862115,-0.2264,-0.0567,9.8698,-0.1143,-0.1179,-0.0770
17862282,-0.2462,-0.0755,9.8570,-0.0666,-0.1515,-0.0698
17862448,-0.2342,-0.0535,9.8454,-0.1330,-0.0792,-0.1064
17862615,-0.2231,-0.0523,9.8452,-0.1781,-0.1415,0.0742
17862782,-0.2228,-0.0556,9.8526,-0.1974,-0.1259,-0.0326
17862948,-0.2301,-0.0526,9.8578,-0.2152,-0.1654,-0.1106
17863115,-0.2234,-0.0593,9.8500,-0.2448,-0.1473,-0.0587
17863282,-0.2351,-0.0538,9.8521,-0.1381,-0.2158,-0.0155
17863448,-0.2396,-0.0560,9.8506,-0.2247,-0.1719,-0.0436
17863615,-0.2419,-0.0522,9.8567,-0.1420,-0.1111,-0.1205
17863782,-0.2435,-0.0680,9.8590,-0.1251,-0.1700,0.0073
17863948,-0.2390,-0.0624,9.8444,-0.2173,-0.1925,-0.0247
17864115,-0.2212,-0.0618,9.8508,-0.1349,-0.1960,-0.0389
17864282,-0.2425,-0.0663,9.8584,-0.1314,-0.0867,-0.0607
17864448,-0.2278,-0.0474,9.8721,-0.1269,-0.2168,-0.0479
17864615,-0.2436,-0.0519,9.8371,-0.1154,-0.2146,-0.1491
17864782,-0.2170,-0.0692,9.8596,-0.1742,-0.1470,-0.0544
17864948,-0.2312,-0.0605,9.8593,-0.2103,-0.1334,-0.0228
17865115,-0.2400,-0.0613,9.8450,-0.1335,-0.1424,-0.0815
17865282,-0.2358,-0.0518,9.8540,-0.1697,-0.1538,-0.0024
17865448,-0.2316,-0.0609,9.8477,-0.0615,-0.1403,-0.0612
17865615,-0.2442,-0.0666,9.8590,-0.1696,-0.1853,-0.0978
17865782,-0.2449,-0.0511,9.8508,-0.1374,-0.1216,-0.0292
17865948,-0.2291,-0.0542,9.8598,-0.0981,-0.1493,-0.0586
17866115,-0.2241,-0.0727,9.8592,-0.0972,-0.1491,-0.0991
17866282,-0.2221,-0.0557,9.8547,-0.1398,-0.2059,-0.0102
17866448,-0.2457,-0.0672,9.8606,-0.1713,-0.1819,-0.0493
17866615,-0.2350,-0.0697,9.8515,-0.0750,-0.1868,-0.1105
17866782,-0.2240,-0.0617,9.8464,-0.2005,-0.1131,-0.0361
17866948,-0.2217,-0.0638,9.8477,-0.2109,-0.1270,-0.0443
17867115,-0.2404,-0.0503,9.8596,-0.1008,-0.2204,-0.0448
17867282,-0.2427,-0.0576,9.8537,-0.1894,-0.1591,0.0417
17867448,-0.2352,-0.0520,9.8557,-0.1882,-0.0679,-0.0214
17867615,-0.2481,-0.0614,9.8446,-0.1761,-0.1493,-0.0304
17867782,-0.2340,-0.0524,9.8547,-0.1429,-0.1572,-0.0957
17867948,-0.2197,-0.0486,9.8492,-0.1854,-0.1673,-0.0250
17868115,-0.2481,-0.0608,9.8487,-0.1272,-0.1260,0.0015
17868282,-0.2486,-0.0508,9.8538,-0.2057,-0.1178,-0.0166
17868448,-0.2290,-0.0614,9.8456,-0.0954,-0.1477,-0.0960
17868615,-0.2221,-0.0572,9.8402,-0.0932,-0.0950,0.0082
17868782,-0.2265,-0.0614,9.8595,-0.2186,-0.1802,-0.0197
17868948,-0.2337,-0.0580,9.8553,-0.1929,-0.1561,-0.1494
17869115,-0.2313,-0.0593,9.8568,-0.2117,-0.1281,-0.0378
17869282,-0.2231,-0.0579,9.8428,-0.1527,-0.0952,-0.0421
17869448,-0.2240,-0.0549,9.8581,-0.1663,-0.1101,-0.0138
17869615,-0.2336,-0.0648,9.8524,-0.1534,-0.1476,-0.0037
17869782,-0.2340,-0.0664,9.8442,-0.1289,-0.1728,-0.0686
17869948,-0.2272,-0.0569,9.8552,-0.1425,-0.1471,-0.1173
17870115,-0.2284,-0.0508,9.8527,-0.1805,-0.0763,-0.0367
17870282,-0.2311,-0.0415,9.8434,-0.1483,-0.1776,0.0232
17870448,-0.2364,-0.0614,9.8496,-0.1624,-0.2067,-0.0739
17870615,-0.2300,-0.0628,9.8554,-0.1792,-0.1513,-0.1005
17870782,-0.2327,-0.0617,9.8449,-0.1017,-0.1346,-0.0135
17870948,-0.2382,-0.0563,9.8512,-0.0984,-0.1899,-0.0601
17871115,-0.2290,-0.0470,9.8539,-0.1900,-0.1413,-0.0521
17871282,-0.2294,-0.0507,9.8553,-0.1786,-0.0963,-0.0715
17871448,-0.2316,-0.0556,9.8685,-0.1376,-0.1184,0.0527
17871615,-0.2320,-0.0663,9.8597,-0.1575,-0.1788,-0.0392
17871782,-0.2293,-0.0497,9.8457,-0.1363,-0.1577,-0.1570
17871948,-0.2429,-0.0468,9.8525,-0.1902,-0.1745,-0.0511
17872115,-0.2295,-0.0623,9.8590,-0.2188,-0.1214,-0.0472
17872282,-0.2369,-0.0525,9.8569,-0.1691,-0.0675,-0.0796
17872448,-0.2454,-0.0530,9.8485,-0.2066,-0.1424,-0.0874
17872615,-0.2294,-0.0681,9.8605,-0.1650,-0.1396,0.0148
17872782,-0.2293,-0.0627,9.8527,-0.1709,-0.1407,-0.0258
17872948,-0.2355,-0.0630,9.8566,-0.1553,-0.0959,-0.0354
17873115,-0.2312,-0.0666,9.8425,-0.1763,-0.1787,-0.0312
17873282,-0.2415,-0.0671,9.8513,-0.1289,-0.1387,0.0532
17873448,-0.2305,-0.0578,9.8510,-0.1456,-0.1926,-0.0714
17873615,-0.2364,-0.0590,9.8508,-0.1373,-0.1440,-0.1021
17873782,-0.2245,-0.0507,9.8574,-0.1578,-0.2463,-0.0854
17873948,-0.2387,-0.0636,9.8354,-0.1255,-0.1807,-0.0144
17874115,-0.2338,-0.0567,9.8586,-0.1339,-0.1730,-0.0702
17874282,-0.2355,-0.0552,9.8527,-0.1462,-0.2035,-0.1227
17874448,-0.2292,-0.0546,9.8602,-0.1432,-0.1269,-0.0630
17874615,-0.2359,-0.0596,9.8356,-0.1763,-0.1878,-0.1018
17874782,-0.2402,-0.0671,9.8677,-0.1609,-0.1461,-0.0259
17874948,-0.2361,-0.0506,9.8574,-0.1461,-0.1221,-0.0504
17875115,-0.2281,-0.0518,9.8549,-0.1695,-0.1293,0.0231
17875282,-0.2390,-0.0589,9.8483,-0.1567,-0.1783,-0.0970
17875448,-0.2266,-0.0536,9.8568,-0.1398,-0.1681,-0.1268
17875615,-0.2247,-0.0616,9.8610,-0.1803,-0.1950,-0.0078
17875782,-0.2299,-0.0610,9.8547,-0.1201,-0.2098,0.0607
17875949,-0.2429,-0.0502,9.8572,-0.1292,-0.1560,-0.0940
17876115,-0.2383,-0.0637,9.8548,-0.1406,-0.1892,-0.0811
17876282,-0.2213,-0.0692,9.8610,-0.1222,-0.1901,-0.0548
17876449,-0.2482,-0.0701,9.8564,-0.2006,-0.1470,-0.0886
17876615,-0.2339,-0.0576,9.8675,-0.1696,-0.1786,-0.0967
17876782,-0.2170,-0.0595,9.8547,-0.1607,-0.1040,-0.0751
17876949,-0.2330,-0.0465,9.8576,-0.0656,-0.1357,-0.0339
17877115,-0.2369,-0.0668,9.8637,-0.1831,-0.1469,-0.0838
17877282,-0.2315,-0.0600,9.8534,-0.1923,-0.1471,-0.0791
17877449,-0.2478,-0.0643,9.8496,-0.0950,-0.1468,-0.0724
17877615,-0.2376,-0.0549,9.8603,-0.1670,-0.1516,-0.0315
17877782,-0.2232,-0.0630,9.8487,-0.1227,-0.1517,-0.0187
17877949,-0.2558,-0.0610,9.8465,-0.1001,-0.1644,-0.0450
17878115,-0.2366,-0.0514,9.8675,-0.1329,-0.1770,-0.0341
17878282,-0.2372,-0.0551,9.8536,-0.2365,-0.1090,-0.0934
17878449,-0.2295,-0.0590,9.8533,-0.1478,-0.1167,-0.0610
17878615,-0.2413,-0.0655,9.8526,-0.1016,-0.1452,-0.1148
17878782,-0.2386,-0.0589,9.8501,-0.1725,-0.1944,-0.0618
17878949,-0.2341,-0.0603,9.8420,-0.1409,-0.1541,-0.0845
17879115,-0.2282,-0.0662,9.8391,-0.1736,-0.1237,-0.0744
17879282,-0.2244,-0.0634,9.8634,-0.1951,-0.2065,-0.0477
17879449,-0.2471,-0.0599,9.8490,-0.1925,-0.2248,-0.0401
17879615,-0.2383,-0.0804,9.8563,-0.1424,-0.1624,-0.0371
17879782,-0.2260,-0.0638,9.8567,-0.1570,-0.1678,-0.0569
17879949,-0.2288,-0.0777,9.8494,-0.2087,-0.1769,-0.0224
17880115,-0.2362,-0.0701,9.8604,-0.2114,-0.1288,-0.1247
17880282,-0.2338,-0.0598,9.8521,-0.1572,-0.1244,-0.0268
17880449,-0.2378,-0.0685,9.8626,-0.1473,-0.1187,-0.0357
17880615,-0.2433,-0.0780,9.8583,-0.1378,-0.1630,-0.0525
17880782,-0.2461,-0.0539,9.8509,-0.1993,-0.1502,-0.0292
17880949,-0.2249,-0.0621,9.8461,-0.1660,-0.1470,-0.0286
17881115,-0.2330,-0.0537,9.8570,-0.1790,-0.1982,-0.1298
17881282,-0.2288,-0.0647,9.8460,-0.2019,-0.1644,0.0269
17881449,-0.2342,-0.0725,9.8613,-0.1914,-0.2577,-0.1224
17881615,-0.2181,-0.0621,9.8575,-0.2010,-0.1402,-0.0345
17881782,-0.2405,-0.0677,9.8401,-0.1575,-0.1686,-0.0231
17881949,-0.2350,-0.0516,9.8495,-0.2210,-0.1552,-0.0919
17882115,-0.2261,-0.0496,9.8637,-0.2110,-0.1659,-0.0865
17882282,-0.2194,-0.0670,9.8452,-0.1923,-0.1589,-0.0483
17882449,-0.2318,-0.0691,9.8552,-0.1505,-0.1940,-0.0347
17882615,-0.2160,-0.0603,9.8495,-0.1389,-0.2263,-0.0615
17882782,-0.2333,-0.0628,9.8473,-0.1538,-0.1614,-0.0622
17882949,-0.2387,-0.0493,9.8549,-0.2566,-0.1537,-0.1244
17883115,-0.2490,-0.0696,9.8663,-0.1424,-0.2059,-0.0816
17883282,-0.2355,-0.0578,9.8494,-0.1313,-0.1335,0.0124
17883449,-0.2354,-0.0557,9.8501,-0.1889,-0.1208,-0.1616
17883615,-0.2355,-0.0541,9.8541,-0.2126,-0.1921,-0.0104
17883782,-0.2355,-0.0654,9.8443,-0.1330,-0.1799,-0.0517
17883949,-0.2409,-0.0447,9.8605,-0.1475,-0.1591,-0.0962
17884115,-0.2393,-0.0525,9.8542,-0.1293,-0.1812,-0.0744
17884282,-0.2461,-0.0628,9.8646,-0.1165,-0.1527,-0.0738
17884449,-0.2276,-0.0558,9.8637,-0.2022,-0.1863,-0.0982
17884615,-0.2316,-0.0728,9.8529,-0.1868,-0.1737,-0.0697
17884782,-0.2308,-0.0670,9.8526,-0.1849,-0.1936,-0.0022
17884949,-0.2319,-0.0679,9.8581,-0.1396,-0.1365,-0.0251
17885115,-0.2338,-0.0608,9.8552,-0.1958,-0.1833,-0.0612
17885282,-0.2449,-0.0576,9.8472,-0.1824,-0.1681,-0.0613
17885449,-0.2348,-0.0425,9.8575,-0.0866,-0.1177,-0.0380
17885615,-0.2338,-0.0773,9.8527,-0.1588,-0.1011,-0.0482
17885782,-0.2173,-0.0530,9.8417,-0.1941,-0.1700,-0.1026
17885949,-0.2232,-0.0610,9.8608,-0.1150,-0.1120,-0.0483
17886115,-0.2311,-0.0635,9.8466,-0.1919,-0.1815,-0.0555
17886282,-0.2336,-0.0625,9.8584,-0.1855,-0.1515,-0.0064
17886449,-0.2283,-0.0599,9.8500,-0.1605,-0.1712,-0.0227
17886615,-0.2375,-0.0582,9.8631,-0.1843,-0.0984,-0.0399
17886782,-0.2301,-0.0572,9.8657,-0.2854,-0.1773,-0.0106
17886949,-0.2365,-0.0628,9.8494,-0.2020,-0.1238,-0.0385
17887115,-0.2272,-0.0552,9.8577,-0.1690,-0.1678,-0.0368
17887282,-0.2327,-0.0576,9.8628,-0.1621,-0.1071,-0.0330
17887449,-0.2381,-0.0583,9.8604,-0.1496,-0.0645,0.0006
17887615,-0.2337,-0.0613,9.8571,-0.1729,-0.1648,-0.1840
17887782,-0.2315,-0.0645,9.8468,-0.2438,-0.1251,0.0063
17887949,-0.2371,-0.0682,9.8503,-0.1645,-0.1295,-0.0368
17888115,-0.2459,-0.0576,9.8549,-0.1379,-0.1969,-0.0534
17888282,-0.2370,-0.0577,9.8591,-0.1466,-0.1221,-0.0610
17888449,-0.2327,-0.0612,9.8597,-0.1566,-0.0908,0.0021
17888615,-0.2222,-0.0653,9.8584,-0.2327,-0.2073,-0.0455
17888782,-0.2466,-0.0624,9.8502,-0.2012,-0.1358,-0.0951
17888949,-0.2379,-0.0557,9.8643,-0.1174,-0.2057,-0.0362
17889115,-0.2357,-0.0493,9.8438,-0.1492,-0.1513,-0.0275
17889282,-0.2196,-0.0660,9.8580,-0.1562,-0.1810,-0.0024
17889449,-0.2372,-0.0547,9.8497,-0.1424,-0.1447,-0.0251
17889615,-0.2329,-0.0636,9.8451,-0.1177,-0.1402,-0.0726
17889782,-0.2348,-0.0601,9.8635,-0.1266,-0.1490,0.0269
17889949,-0.2391,-0.0566,9.8580,-0.1941,-0.1427,0.0045
17890115,-0.2369,-0.0597,9.8460,-0.1586,-0.1159,-0.0818
17890282,-0.2467,-0.0566,9.8546,-0.1786,-0.1990,-0.0854
17890449,-0.2382,-0.0632,9.8452,-0.0977,-0.1668,-0.0771
17890615,-0.2436,-0.0529,9.8493,-0.2168,-0.1610,-0.0275
17890782,-0.2262,-0.0718,9.8625,-0.1211,-0.0891,-0.0590
17890949,-0.2401,-0.0588,9.8628,-0.1568,-0.1322,-0.0434
17891115,-0.2300,-0.0563,9.8669,-0.1976,-0.1509,-0.0386
17891282,-0.2279,-0.0588,9.8418,-0.1447,-0.1336,0.0258
17891449,-0.2498,-0.0701,9.8479,-0.1482,-0.1437,-0.0952
17891615,-0.2341,-0.0631,9.8586,-0.1696,-0.2031,-0.0348
17891782,-0.2293,-0.0549,9.8558,-0.2464,-0.1042,-0.0178
17891949,-0.2131,-0.0563,9.8538,-0.1740,-0.1656,-0.0739
17892115,-0.2377,-0.0632,9.8520,-0.1469,-0.1375,-0.0409
17892282,-0.2384,-0.0672,9.8556,-0.1136,-0.1357,-0.0866
17892449,-0.2347,-0.0513,9.8417,-0.1402,-0.1453,0.0016
17892616,-0.2166,-0.0675,9.8532,-0.2051,-0.1548,-0.0844
17892782,-0.2353,-0.0563,9.8556,-0.1863,-0.1418,-0.0502
17892949,-0.2438,-0.0623,9.8602,-0.1482,-0.2138,-0.0313
17893116,-0.2436,-0.0489,9.8570,-0.1807,-0.1273,-0.0609
17893282,-0.2341,-0.0490,9.8479,-0.1750,-0.1381,0.0177
17893449,-0.2277,-0.0690,9.8425,-0.0732,-0.0604,-0.0459
17893616,-0.2321,-0.0632,9.8531,-0.2193,-0.1100,-0.0310
17893782,-0.2315,-0.0586,9.8512,-0.1470,-0.1975,-0.0499
17893949,-0.2212,-0.0579,9.8574,-0.2775,-0.1812,-0.0482
17894116,-0.2303,-0.0747,9.8469,-0.2009,-0.1509,-0.0632
17894282,-0.2360,-0.0443,9.8444,-0.1633,-0.1447,-0.1113
17894449,-0.2225,-0.0589,9.8609,-0.2311,-0.2099,-0.0761
17894616,-0.2282,-0.0619,9.8627,-0.0871,-0.1488,-0.0130
17894782,-0.2404,-0.0769,9.8506,-0.1905,-0.1606,-0.0274
17894949,-0.2397,-0.0562,9.8566,-0.1685,-0.1548,-0.0845
17895116,-0.2291,-0.0579,9.8404,-0.1670,-0.1427,-0.0136
17895282,-0.2411,-0.0534,9.8542,-0.1413,-0.1583,-0.0780
17895449,-0.2316,-0.0609,9.8581,-0.1233,-0.0634,-0.0340
17895616,-0.2252,-0.0604,9.8692,-0.2046,-0.1381,-0.0578
17895782,-0.2446,-0.0716,9.8517,-0.2194,-0.2373,-0.1142
17895949,-0.2519,-0.0691,9.8689,-0.1129,-0.1593,-0.0570
17896116,-0.2315,-0.0714,9.8570,-0.2063,-0.1075,-0.0868
17896282,-0.2447,-0.0628,9.8589,-0.1534,-0.1557,-0.0634
17896449,-0.2354,-0.0629,9.8545,-0.1654,-0.1950,-0.0460
17896616,-0.2366,-0.0547,9.8518,-0.1628,-0.1565,-0.0709
17896782,-0.2186,-0.0691,9.8487,-0.1852,-0.0742,-0.0779
17896949,-0.2386,-0.0643,9.8612,-0.1974,-0.1737,-0.0951
17897116,-0.2506,-0.0547,9.8545,-0.2009,-0.1312,-0.0965
17897282,-0.2339,-0.0547,9.8517,-0.1809,-0.1575,-0.0484
17897449,-0.2264,-0.0559,9.8491,-0.1809,-0.1622,-0.0680
17897616,-0.2323,-0.0540,9.8483,-0.1123,-0.1479,-0.0264
17897782,-0.2382,-0.0628,9.8601,-0.0900,-0.1536,-0.0492
17897949,-0.2200,-0.0537,9.8640,-0.0578,-0.0667,0.0276
17898116,-0.2400,-0.0623,9.8566,-0.1983,-0.1283,-0.0210
17898282,-0.2339,-0.0515,9.8575,-0.1376,-0.1702,-0.0525
17898449,-0.2313,-0.0762,9.8543,-0.1460,-0.1555,0.0310
17898616,-0.2346,-0.0636,9.8467,-0.1329,-0.1402,-0.0725
17898782,-0.2384,-0.0606,9.8472,-0.2102,-0.0925,-0.0007
17898949,-0.2383,-0.0593,9.8654,-0.2173,-0.1217,-0.1251
17899116,-0.2285,-0.0703,9.8539,-0.1498,-0.1725,0.0436
17899282,-0.2352,-0.0532,9.8615,-0.1947,-0.1453,-0.0310
17899449,-0.2337,-0.0696,9.8556,-0.1767,-0.1332,-0.0797
17899616,-0.2276,-0.0625,9.8487,-0.2516,-0.1654,-0.0242
17899782,-0.2242,-0.0649,9.8583,-0.1203,-0.0857,-0.0573
17899949,-0.2369,-0.0649,9.8633,-0.1565,-0.1228,-0.0696
17900116,-0.2403,-0.0541,9.8638,-0.1874,-0.1100,0.0020
17900282,-0.2331,-0.0606,9.8412,-0.1796,-0.1748,-0.0705
17900449,-0.2290,-0.0613,9.8492,-0.2023,-0.2479,-0.0257
17900616,-0.2284,-0.0671,9.8416,-0.1134,-0.1187,-0.0515
17900782,-0.2354,-0.0637,9.8595,-0.1744,-0.1975,-0.0617
17900949,-0.2483,-0.0680,9.8520,-0.1736,-0.2228,-0.0384
17901116,-0.2308,-0.0688,9.8386,-0.1768,-0.0955,-0.0678
17901282,-0.2351,-0.0498,9.8503,-0.1490,-0.1493,-0.0408
17901449,-0.2436,-0.0612,9.8538,-0.2149,-0.1538,-0.1245
17901616,-0.2356,-0.0521,9.8453,-0.1064,-0.1672,-0.0024
17901782,-0.2214,-0.0576,9.8547,-0.1787,-0.1717,-0.0815
17901949,-0.2452,-0.0600,9.8515,-0.1471,-0.1628,0.0130
17902116,-0.2367,-0.0692,9.8458,-0.1201,-0.1357,-0.0470
17902282,-0.2347,-0.0671,9.8394,-0.2691,-0.1898,-0.0712
17902449,-0.2241,-0.0614,9.8527,-0.1040,-0.2009,-0.0789
17902616,-0.2308,-0.0655,9.8473,-0.1580,-0.1299,-0.0433
17902782,-0.2391,-0.0554,9.8583,-0.1028,-0.1643,-0.1104
17902949,-0.2338,-0.0616,9.8506,-0.2099,-0.1068,-0.0526
17903116,-0.2345,-0.0587,9.8478,-0.2480,-0.0857,-0.1018
17903282,-0.2405,-0.0520,9.8508,-0.1400,-0.1279,-0.0886
17903449,-0.2378,-0.0538,9.8488,-0.1501,-0.1862,-0.0757
17903616,-0.2329,-0.0732,9.8544,-0.0950,-0.2099,-0.0194
17903782,-0.2320,-0.0717,9.8495,-0.1857,-0.1518,-0.0651
17903949,-0.2359,-0.0559,9.8673,-0.1716,-0.2066,-0.0169
17904116,-0.2413,-0.0709,9.8514,-0.1429,-0.1958,-0.0838
17904282,-0.2347,-0.0456,9.8522,-0.1913,-0.1149,-0.0989
17904449,-0.2332,-0.0686,9.8519,-0.1271,-0.1447,-0.0379
17904616,-0.2318,-0.0615,9.8461,-0.1758,-0.1639,-0.0634
17904782,-0.2332,-0.0512,9.8709,-0.1780,-0.1980,-0.0697
17904949,-0.2354,-0.0493,9.8422,-0.2108,-0.1910,0.0324
17905116,-0.2272,-0.0617,9.8498,-0.1153,-0.1480,-0.0385
17905282,-0.2373,-0.0649,9.8513,-0.1967,-0.1319,-0.0844
17905449,-0.2326,-0.0608,9.8528,-0.1665,-0.1530,-0.0320
17905616,-0.2295,-0.0603,9.8614,-0.0227,-0.1606,-0.0455
17905782,-0.2296,-0.0643,9.8568,-0.1297,-0.1378,-0.0061
17905949,-0.2417,-0.0641,9.8511,-0.1975,-0.1665,-0.0681
17906116,-0.2206,-0.0645,9.8500,-0.1399,-0.1472,-0.0394
17906282,-0.2365,-0.0590,9.8567,-0.2711,-0.1331,-0.0344
17906449,-0.2403,-0.0591,9.8520,-0.2086,-0.1776,-0.0346
17906616,-0.2290,-0.0571,9.8562,-0.1483,-0.1571,-0.0652
17906782,-0.2317,-0.0478,9.8502,-0.1740,-0.1501,-0.0479
17906949,-0.2324,-0.0637,9.8600,-0.1434,-0.1327,-0.0085
17907116,-0.2186,-0.0614,9.8476,-0.1039,-0.1788,-0.0376
17907282,-0.2264,-0.0635,9.8593,-0.1955,-0.2129,-0.0848
17907449,-0.2415,-0.0707,9.8368,-0.1293,-0.1954,-0.0478
17907616,-0.2337,-0.0474,9.8615,-0.1547,-0.1630,-0.0645
17907782,-0.2340,-0.0550,9.8569,-0.2160,-0.1594,-0.0105
17907949,-0.2343,-0.0504,9.8713,-0.2015,-0.1187,-0.0747
17908116,-0.2392,-0.0602,9.8507,-0.0034,-0.2101,-0.0331
17908282,-0.2302,-0.0625,9.8574,-0.1710,-0.1596,-0.0374
17908449,-0.2243,-0.0592,9.8565,-0.1241,-0.1121,-0.0389
17908616,-0.2238,-0.0716,9.8655,-0.1470,-0.0883,-0.0564
17908782,-0.2415,-0.0624,9.8520,-0.1434,-0.2103,-0.0231
17908949,-0.2238,-0.0571,9.8535,-0.1352,-0.1114,-0.0727
17909116,-0.2233,-0.0574,9.8611,-0.1633,-0.0986,-0.1101
17909283,-0.2270,-0.0680,9.8558,-0.1342,-0.1571,0.0096
17909449,-0.2369,-0.0584,9.8611,-0.1325,-0.1947,0.0017
17909616,-0.2446,-0.0646,9.8481,-0.1250,-0.1193,-0.0885
17909783,-0.2445,-0.0621,9.8531,-0.1801,-0.2349,-0.0076
17909949,-0.2432,-0.0540,9.8616,-0.2028,-0.1808,-0.1086
17910116,-0.2346,-0.0526,9.8586,-0.2026,-0.1169,-0.0850
17910283,-0.2328,-0.0584,9.8600,-0.2314,-0.1064,-0.0537
17910449,-0.2344,-0.0599,9.8565,-0.1579,-0.1509,-0.0879
17910616,-0.2351,-0.0652,9.8637,-0.1462,-0.0627,-0.0392
17910783,-0.2191,-0.0566,9.8564,-0.1780,-0.2224,-0.0505
17910949,-0.2461,-0.0653,9.8560,-0.1435,-0.1622,-0.0645
17911116,-0.2583,-0.0678,9.8547,-0.1553,-0.1995,0.0448
17911283,-0.2216,-0.0570,9.8594,-0.1675,-0.2162,-0.1070
17911449,-0.2365,-0.0591,9.8498,-0.2279,-0.1324,-0.0602
17911616,-0.2191,-0.0628,9.8583,-0.1709,-0.2084,-0.0062
17911783,-0.2381,-0.0643,9.8472,-0.1827,-0.1929,-0.0261
17911949,-0.2350,-0.0557,9.8618,-0.1798,-0.1734,-0.0277
17912116,-0.2267,-0.0535,9.8693,-0.2415,-0.1621,-0.0046
17912283,-0.2247,-0.0673,9.8488,-0.1435,-0.1343,-0.0564
17912449,-0.2454,-0.0703,9.8505,-0.1244,-0.1546,-0.1346
17912616,-0.2310,-0.0521,9.8548,-0.1476,-0.1202,-0.0280
17912783,-0.2310,-0.0605,9.8521,-0.1312,-0.1249,-0.0218
17912949,-0.2336,-0.0638,9.8528,-0.0971,-0.1077,-0.0315
17913116,-0.2235,-0.0601,9.8565,-0.1747,-0.1141,-0.1177
17913283,-0.2184,-0.0469,9.8580,-0.1716,-0.1175,-0.0748
17913449,-0.2290,-0.0726,9.8466,-0.2124,-0.1536,-0.0432
17913616,-0.2529,-0.0698,9.8430,-0.2760,-0.1223,-0.1016
17913783,-0.2351,-0.0556,9.8595,-0.1989,-0.1584,-0.0252
17913949,-0.2349,-0.0647,9.8529,-0.1379,-0.1989,-0.0297
17914116,-0.2269,-0.0524,9.8629,-0.1921,-0.1131,-0.0657
17914283,-0.2367,-0.0514,9.8614,-0.0905,-0.1516,-0.0318
17914449,-0.2265,-0.0623,9.8532,-0.2216,-0.1787,-0.1221
17914616,-0.2378,-0.0571,9.8681,-0.2013,-0.1398,-0.1266
17914783,-0.2443,-0.0620,9.8530,-0.1920,-0.1403,-0.0770
17914949,-0.2153,-0.0681,9.8519,-0.1674,-0.0911,-0.0772
17915116,-0.2354,-0.0512,9.8569,-0.1712,-0.1396,-0.0633
17915283,-0.2296,-0.0643,9.8500,-0.1569,-0.2178,-0.0382
17915449,-0.2283,-0.0624,9.8590,-0.1617,-0.1216,0.0061
17915616,-0.2371,-0.0516,9.8557,-0.1982,-0.1932,-0.1335
17915783,-0.2244,-0.0543,9.8569,-0.1200,-0.1290,-0.1610
17915949,-0.2245,-0.0593,9.8487,-0.2120,-0.0753,-0.0635
17916116,-0.2275,-0.0537,9.8613,-0.1790,-0.1590,-0.0548
17916283,-0.2309,-0.0671,9.8669,-0.1953,-0.0398,0.0660
17916449,-0.2389,-0.0583,9.8671,-0.0982,-0.0775,-0.0648
17916616,-0.2499,-0.0543,9.8571,-0.1018,-0.1189,-0.0692
17916783,-0.2214,-0.0634,9.8611,-0.1996,-0.1294,-0.0468
17916949,-0.2374,-0.0597,9.8572,-0.1756,-0.1356,-0.0726
17917116,-0.2410,-0.0522,9.8650,-0.1690,-0.1561,-0.0590
17917283,-0.2251,-0.0498,9.8444,-0.1582,-0.1633,-0.0459
17917449,-0.2259,-0.0683,9.8504,-0.1622,-0.0914,-0.0605
17917616,-0.2444,-0.0595,9.8528,-0.0754,-0.1405,-0.1116
17917783,-0.2251,-0.0634,9.8652,-0.1468,-0.1087,0.0309
17917949,-0.2396,-0.0607,9.8569,-0.1612,-0.2245,-0.0463
17918116,-0.2420,-0.0495,9.8628,-0.2651,-0.1433,-0.0581
17918283,-0.2341,-0.0582,9.8639,-0.2079,-0.1794,-0.1063
17918449,-0.2370,-0.0493,9.8430,-0.1404,-0.1583,-0.0603
17918616,-0.2307,-0.0609,9.8588,-0.0912,-0.1384,-0.0140
17918783,-0.2370,-0.0618,9.8701,-0.1966,-0.1518,-0.0368
17918949,-0.2397,-0.0625,9.8643,-0.1808,-0.1895,-0.0760
17919116,-0.2377,-0.0620,9.8510,-0.1447,-0.1297,-0.0960
17919283,-0.2314,-0.0593,9.8604,-0.1874,-0.1399,0.0072
17919449,-0.2286,-0.0663,9.8517,-0.1357,-0.2057,-0.0387
17919616,-0.2233,-0.0495,9.8615,-0.2019,-0.1245,-0.0266
17919783,-0.2311,-0.0576,9.8509,-0.1793,-0.1425,-0.0519
17919949,-0.2288,-0.0617,9.8547,-0.0993,-0.1910,0.0112
17920116,-0.2388,-0.0609,9.8574,-0.2024,-0.1944,-0.0997
17920283,-0.2410,-0.0621,9.8539,-0.1754,-0.1234,-0.1224
17920449,-0.2290,-0.0682,9.8686,-0.1985,-0.1369,-0.0738
17920616,-0.2480,-0.0626,9.8533,-0.1216,-0.0409,-0.0046
17920783,-0.2299,-0.0712,9.8469,-0.0590,-0.1513,-0.0309
17920949,-0.2259,-0.0571,9.8661,-0.1909,-0.1650,-0.0419
17921116,-0.2251,-0.0507,9.8566,-0.1742,-0.1696,-0.1133
17921283,-0.2338,-0.0635,9.8597,-0.1209,-0.1584,-0.0922
17921449,-0.2239,-0.0539,9.8608,-0.1768,-0.2053,-0.0201
17921616,-0.2380,-0.0617,9.8617,-0.1507,-0.1097,-0.0220
17921783,-0.2317,-0.0643,9.8498,-0.1748,-0.0860,-0.0508
17921949,-0.2252,-0.0528,9.8595,-0.1514,-0.1863,0.0261
17922116,-0.2483,-0.0601,9.8744,-0.1712,-0.1079,-0.0762
17922283,-0.2208,-0.0678,9.8570,-0.1718,-0.1313,-0.0604
17922449,-0.2263,-0.0464,9.8530,-0.1375,-0.1233,-0.0275
17922616,-0.2218,-0.0527,9.8313,-0.0307,-0.1037,-0.0619
17922783,-0.2386,-0.0493,9.8581,-0.2019,-0.1023,-0.0848
17922949,-0.2340,-0.0630,9.8574,-0.1748,-0.1591,-0.0783
17923116,-0.2384,-0.0506,9.8516,-0.1759,-0.1574,-0.1284
17923283,-0.2400,-0.0545,9.8611,-0.1685,-0.1527,-0.0215
17923449,-0.2432,-0.0557,9.8573,-0.1118,-0.1634,-0.0324
17923616,-0.2285,-0.0620,9.8545,-0.1469,-0.1582,-0.0721
17923783,-0.2295,-0.0682,9.8448,-0.2275,-0.1249,-0.0350
17923949,-0.2324,-0.0626,9.8561,-0.1840,-0.1945,-0.0286
17924116,-0.2266,-0.0552,9.8590,-0.1156,-0.1079,-0.0857
17924283,-0.2311,-0.0553,9.8521,-0.0973,-0.1199,-0.0504
17924449,-0.2293,-0.0720,9.8570,-0.1964,-0.1892,-0.0573
17924616,-0.2369,-0.0590,9.8664,-0.1380,-0.1588,-0.0617
17924783,-0.2421,-0.0650,9.8524,-0.1731,-0.1256,-0.0420
17924949,-0.2311,-0.0634,9.8610,-0.2155,-0.0953,-0.0327
17925116,-0.2313,-0.0638,9.8468,-0.1246,-0.1635,-0.0626
17925283,-0.2406,-0.0568,9.8567,-0.1646,-0.1849,-0.0344
17925449,-0.2301,-0.0594,9.8604,-0.1789,-0.1561,-0.0522
17925616,-0.2365,-0.0431,9.8538,-0.0977,-0.1604,-0.0296
17925783,-0.2401,-0.0574,9.8625,-0.1171,-0.1904,-0.0609
17925950,-0.2384,-0.0571,9.8586,-0.1047,-0.1717,-0.0613
17926116,-0.2339,-0.0626,9.8528,-0.2642,-0.1652,-0.0475
17926283,-0.2220,-0.0584,9.8585,-0.1651,-0.1786,-0.0929
17926450,-0.2327,-0.0578,9.8624,-0.2441,-0.1446,-0.0996
17926616,-0.2337,-0.0628,9.8561,-0.2034,-0.1584,-0.0275
17926783,-0.2260,-0.0542,9.8550,-0.1876,-0.1764,-0.1080
17926950,-0.2408,-0.0643,9.8459,-0.1659,-0.1264,-0.0682
17927116,-0.2286,-0.0552,9.8555,-0.1940,-0.1472,-0.0571
17927283,-0.2373,-0.0648,9.8613,-0.1715,-0.0930,-0.1366
17927450,-0.2381,-0.0642,9.8628,-0.2040,-0.1669,-0.1320
17927616,-0.2338,-0.0554,9.8542,-0.1323,-0.1367,-0.0593
17927783,-0.2358,-0.0505,9.8550,-0.0675,-0.1792,-0.0494
17927950,-0.2396,-0.0574,9.8666,-0.1035,-0.2127,-0.0941
17928116,-0.2408,-0.0612,9.8654,-0.1660,-0.1657,-0.0437
17928283,-0.2440,-0.0643,9.8570,-0.1548,-0.1779,-0.0626
17928450,-0.2249,-0.0461,9.8544,-0.1425,-0.2228,-0.0929
17928616,-0.2162,-0.0552,9.8453,-0.1141,-0.0945,-0.0657
17928783,-0.2352,-0.0521,9.8452,-0.1403,-0.1063,-0.0170
17928950,-0.2350,-0.0588,9.8592,-0.2193,-0.2149,0.0110
17929116,-0.2314,-0.0675,9.8586,-0.2199,-0.0842,-0.0633
17929283,-0.2282,-0.0524,9.8656,-0.2549,-0.1347,-0.0458
17929450,-0.2425,-0.0542,9.8525,-0.2149,-0.1516,-0.0330
17929616,-0.2282,-0.0635,9.8507,-0.1063,-0.1996,-0.0336
17929783,-0.2420,-0.0645,9.8516,-0.2297,-0.1997,-0.0757
17929950,-0.2542,-0.0655,9.8606,-0.1081,-0.1583,-0.0860
17930116,-0.2419,-0.0500,9.8511,-0.1258,-0.0529,-0.0664
17930283,-0.2387,-0.0649,9.8502,-0.1847,-0.1132,-0.0860
17930450,-0.2364,-0.0578,9.8658,-0.2420,-0.0981,-0.0785
17930616,-0.2324,-0.0647,9.8528,-0.1937,-0.1605,-0.0288
17930783,-0.2297,-0.0566,9.8558,-0.1921,-0.1411,-0.0830
17930950,-0.2270,-0.0649,9.8447,-0.1136,-0.0860,-0.0819
17931116,-0.2267,-0.0666,9.8518,-0.0990,-0.0982,-0.0333
17931283,-0.2331,-0.0571,9.8625,-0.1922,-0.1432,-0.0675
17931450,-0.2326,-0.0709,9.8556,-0.1315,-0.0572,0.0179
17931616,-0.2497,-0.0426,9.8577,-0.0479,-0.1733,-0.0484
17931783,-0.2352,-0.0535,9.8554,-0.1723,-0.1379,-0.0571
17931950,-0.2209,-0.0607,9.8366,-0.2398,-0.1809,-0.0736
17932116,-0.2333,-0.0592,9.8627,-0.2359,-0.1839,-0.0329
17932283,-0.2245,-0.0607,9.8455,-0.2250,-0.1765,-0.0996
17932450,-0.2502,-0.0717,9.8465,-0.2171,-0.1119,-0.0376
17932616,-0.2266,-0.0518,9.8644,-0.2839,-0.1413,-0.0951
17932783,-0.2451,-0.0591,9.8644,-0.1141,-0.1516,-0.0011
17932950,-0.2258,-0.0629,9.8453,-0.1748,-0.1913,-0.0624
17933116,-0.2265,-0.0648,9.8627,-0.1382,-0.2022,-0.0756
17933283,-0.2254,-0.0547,9.8562,-0.1747,-0.1738,-0.0667
17933450,-0.2303,-0.0728,9.8599,-0.1137,-0.2034,-0.0860
17933616,-0.2205,-0.0573,9.8500,-0.0526,-0.1714,-0.0512
17933783,-0.2413,-0.0518,9.8636,-0.1572,-0.1451,-0.0614
17933950,-0.2327,-0.0628,9.8460,-0.2334,-0.1115,-0.0773
17934116,-0.2214,-0.0659,9.8566,-0.1883,-0.1562,-0.0213
17934283,-0.2336,-0.0667,9.8437,-0.2381,-0.1862,-0.0664
17934450,-0.2317,-0.0707,9.8440,-0.1832,-0.1484,-0.0777
17934616,-0.2304,-0.0667,9.8428,-0.1440,-0.1559,-0.0342
17934783,-0.2244,-0.0455,9.8570,-0.1371,-0.1365,-0.0378
17934950,-0.2363,-0.0639,9.8555,-0.2006,-0.1877,-0.0622
17935116,-0.2362,-0.0560,9.8584,-0.1626,-0.1522,-0.0576
17935283,-0.2382,-0.0636,9.8525,-0.1421,-0.1464,-0.1267
17935450,-0.2257,-0.0568,9.8469,-0.0719,-0.1510,-0.0764
17935616,-0.2357,-0.0593,9.8558,-0.1272,-0.1160,-0.0227
17935783,-0.2521,-0.0585,9.8558,-0.1759,-0.1200,0.0320
17935950,-0.2298,-0.0513,9.8649,-0.0224,-0.1913,-0.0252
17936116,-0.2240,-0.0543,9.8544,-0.1704,-0.1388,-0.0660
17936283,-0.2415,-0.0694,9.8476,-0.1046,-0.1507,-0.0698
17936450,-0.2226,-0.0677,9.8623,-0.2378,-0.2152,-0.0759
17936616,-0.2400,-0.0617,9.8545,-0.1278,-0.1777,-0.0969
17936783,-0.2472,-0.0519,9.8692,-0.1208,-0.1947,-0.0419
17936950,-0.2206,-0.0615,9.8625,-0.2396,-0.1730,-0.1270
17937116,-0.2211,-0.0430,9.8546,-0.1540,-0.1249,-0.0642
17937283,-0.2286,-0.0571,9.8617,-0.0610,-0.1942,-0.0541
17937450,-0.2374,-0.0593,9.8687,-0.1555,-0.1623,-0.0711
17937616,-0.2367,-0.0568,9.8542,-0.2085,-0.0931,-0.0243
17937783,-0.2251,-0.0686,9.8543,-0.1579,-0.1605,-0.0765
17937950,-0.2332,-0.0594,9.8554,-0.1829,-0.1198,-0.0346
17938116,-0.2388,-0.0567,9.8559,-0.1745,-0.1469,-0.0425
17938283,-0.2255,-0.0512,9.8530,-0.1921,-0.1496,-0.0659
17938450,-0.2325,-0.0620,9.8538,-0.1290,-0.2848,-0.1335
17938616,-0.2418,-0.0660,9.8523,-0.1199,-0.1470,-0.0251
17938783,-0.2234,-0.0671,9.8560,-0.1921,-0.1832,-0.0429
17938950,-0.2366,-0.0506,9.8540,-0.1383,-0.1831,-0.0701
17939116,-0.2366,-0.0606,9.8543,-0.1378,-0.1697,-0.0304
17939283,-0.2411,-0.0668,9.8588,-0.2213,-0.1701,-0.0905
17939450,-0.2317,-0.0738,9.8583,-0.2311,-0.1010,0.0454
17939616,-0.2298,-0.0647,9.8620,-0.0489,-0.1327,-0.0809
17939783,-0.2322,-0.0656,9.8605,-0.1460,-0.1888,0.0220
17939950,-0.2418,-0.0676,9.8510,-0.1833,-0.1101,-0.1422
17940116,-0.2304,-0.0649,9.8566,-0.1317,-0.1479,-0.1782
17940283,-0.2346,-0.0452,9.8466,-0.1660,-0.1293,-0.1590
17940450,-0.2344,-0.0528,9.8646,-0.1579,-0.1429,-0.0539
17940616,-0.2329,-0.0635,9.8579,-0.1904,-0.1930,-0.0256
17940783,-0.2400,-0.0539,9.8563,-0.1750,-0.1822,-0.0312
17940950,-0.2264,-0.0603,9.8498,-0.1543,-0.1452,-0.0582
17941116,-0.2296,-0.0664,9.8548,-0.1198,-0.1358,-0.0891
17941283,-0.2377,-0.0749,9.8552,-0.1650,-0.1348,-0.0785
17941450,-0.2284,-0.0590,9.8603,-0.1654,-0.0861,0.0008
17941616,-0.2417,-0.0619,9.8574,-0.1327,-0.1256,-0.0318
17941783,-0.2458,-0.0800,9.8484,-0.1985,-0.1614,-0.0435
17941950,-0.2347,-0.0618,9.8616,-0.1658,-0.1716,-0.0362
17942116,-0.2242,-0.0616,9.8583,-0.1954,-0.1387,-0.0202
17942283,-0.2355,-0.0611,9.8638,-0.1664,-0.1524,-0.0514
17942450,-0.2398,-0.0628,9.8409,-0.1072,-0.2435,-0.1328
17942617,-0.2377,-0.0634,9.8680,-0.1221,-0.2117,-0.0393
17942783,-0.2289,-0.0650,9.8271,-0.2322,-0.1931,-0.0455
17942950,-0.2436,-0.0541,9.8489,-0.1554,-0.0875,-0.0512
17943117,-0.2474,-0.0607,9.8628,-0.1980,-0.1033,0.0065
17943283,-0.2339,-0.0592,9.8560,-0.1746,-0.1621,-0.0852
17943450,-0.2371,-0.0578,9.8523,-0.1927,-0.1167,-0.0066
17943617,-0.2377,-0.0647,9.8604,-0.1319,-0.1678,-0.0900
17943783,-0.2326,-0.0568,9.8606,-0.1587,-0.1660,-0.0903
17943950,-0.2310,-0.0546,9.8476,-0.2412,-0.1183,-0.0459
17944117,-0.2375,-0.0590,9.8640,-0.1232,-0.1686,-0.0740
17944283,-0.2492,-0.0603,9.8402,-0.2303,-0.1109,-0.0626
17944450,-0.2250,-0.0676,9.8470,-0.0910,-0.1052,-0.0644
17944617,-0.2135,-0.0659,9.8688,-0.2045,-0.1153,-0.0713
17944783,-0.2294,-0.0533,9.8572,-0.1493,-0.1131,-0.0399
17944950,-0.2218,-0.0649,9.8465,-0.2460,-0.1335,-0.0409
17945117,-0.2330,-0.0607,9.8535,-0.2185,-0.1569,-0.0929
17945283,-0.2326,-0.0563,9.8538,-0.1676,-0.2140,-0.0904
17945450,-0.2321,-0.0620,9.8668,-0.1767,-0.1393,-0.0218
17945617,-0.2318,-0.0618,9.8443,-0.2377,-0.1612,0.0224
17945783,-0.2359,-0.0552,9.8591,-0.1958,-0.0850,0.0102
17945950,-0.2322,-0.0564,9.8592,-0.2583,-0.1855,-0.1363
17946117,-0.2194,-0.0684,9.8625,-0.1083,-0.1676,-0.0585
17946283,-0.2351,-0.0590,9.8535,-0.1849,-0.1075,-0.0316
17946450,-0.2285,-0.0505,9.8497,-0.2023,-0.1486,-0.0275
17946617,-0.2479,-0.0514,9.8565,-0.1387,-0.1711,-0.1057
17946783,-0.2244,-0.0602,9.8558,-0.2020,-0.1230,-0.0136
17946950,-0.2352,-0.0741,9.8469,-0.2464,-0.1989,-0.1373
17947117,-0.2359,-0.0589,9.8558,-0.1350,-0.1963,-0.0111
17947283,-0.2427,-0.0657,9.8571,-0.1738,-0.0828,-0.0002
17947450,-0.2212,-0.0619,9.8490,-0.1909,-0.1666,-0.0111
17947617,-0.2284,-0.0738,9.8576,-0.2628,-0.1669,-0.0332
17947783,-0.2397,-0.0487,9.8558,-0.1894,-0.1159,-0.0458
17947950,-0.2301,-0.0510,9.8471,-0.1601,-0.1415,-0.0754
17948117,-0.2245,-0.0508,9.8523,-0.2153,-0.1046,-0.0895
17948283,-0.2297,-0.0565,9.8510,-0.1506,-0.0905,-0.0950
17948450,-0.2377,-0.0548,9.8524,-0.1633,-0.2036,0.0198
17948617,-0.2397,-0.0657,9.8425,-0.1919,-0.1889,-0.0754
17948783,-0.2367,-0.0486,9.8599,-0.2287,-0.1847,-0.0383
17948950,-0.2304,-0.0632,9.8477,-0.1504,-0.0921,-0.0849
17949117,-0.2483,-0.0598,9.8558,-0.0997,-0.1624,-0.1216
17949283,-0.2385,-0.0596,9.8535,-0.1433,-0.2410,-0.0508
17949450,-0.2331,-0.0698,9.8657,-0.0481,-0.1723,-0.0927
17949617,-0.2357,-0.0712,9.8507,-0.2150,-0.1752,-0.0525
17949783,-0.2372,-0.0480,9.8546,-0.1269,-0.1189,-0.0371
17949950,-0.2371,-0.0634,9.8640,-0.2026,-0.1989,-0.0887
17950117,-0.2424,-0.0626,9.8517,-0.1471,-0.2120,0.0541
17950283,-0.2221,-0.0599,9.8509,-0.1741,-0.2213,-0.0999
17950450,-0.2465,-0.0532,9.8423,-0.1473,-0.0679,-0.0434
17950617,-0.2204,-0.0570,9.8360,-0.2237,-0.0951,-0.0567
17950783,-0.2287,-0.0512,9.8399,-0.1650,-0.1584,-0.0296
17950950,-0.2408,-0.0533,9.8469,-0.1153,-0.1719,-0.0566
17951117,-0.2340,-0.0741,9.8615,-0.1832,-0.1243,-0.0859
17951283,-0.2395,-0.0552,9.8535,-0.1336,-0.1107,-0.0279
17951450,-0.2316,-0.0519,9.8421,-0.1974,-0.1516,-0.0588
17951617,-0.2216,-0.0590,9.8509,-0.1460,-0.1246,-0.0417
17951783,-0.2399,-0.0651,9.8691,-0.2129,-0.1176,-0.0849
17951950,-0.2321,-0.0492,9.8521,-0.1270,-0.1800,-0.1324
17952117,-0.2416,-0.0667,9.8496,-0.1596,-0.2039,-0.1266
17952283,-0.2518,-0.0704,9.8568,-0.2077,-0.0733,-0.0793
17952450,-0.2361,-0.0720,9.8598,-0.1288,-0.2213,-0.0265
17952617,-0.2393,-0.0575,9.8581,-0.1551,-0.1225,0.0104
17952783,-0.2243,-0.0667,9.8502,-0.2261,-0.0992,-0.0477
17952950,-0.2285,-0.0554,9.8525,-0.1760,-0.1180,-0.0654
17953117,-0.2303,-0.0656,9.8541,-0.2645,-0.0938,-0.1123
17953283,-0.2399,-0.0653,9.8672,-0.1624,-0.1407,-0.0274
17953450,-0.2417,-0.0586,9.8544,-0.1361,-0.1146,0.0080
17953617,-0.2312,-0.0664,9.8442,-0.1702,-0.1794,-0.0448
17953783,-0.2499,-0.0498,9.8385,-0.1233,-0.0731,-0.0635
17953950,-0.2326,-0.0665,9.8557,-0.2826,-0.1261,-0.0380
17954117,-0.2312,-0.0560,9.8463,-0.2122,-0.1065,-0.0326
17954283,-0.2282,-0.0566,9.8518,-0.0625,-0.1077,-0.0612
17954450,-0.2255,-0.0685,9.8486,-0.1745,-0.1577,-0.1337
17954617,-0.2448,-0.0625,9.8533,-0.1514,-0.0770,-0.0308
17954783,-0.2412,-0.0556,9.8544,-0.1471,-0.1538,-0.0794
17954950,-0.2368,-0.0556,9.8487,-0.1711,-0.1818,-0.0416
17955117,-0.2339,-0.0588,9.8639,-0.2103,-0.1049,-0.0596
17955283,-0.2307,-0.0535,9.8570,-0.1947,-0.1054,-0.0924
17955450,-0.2408,-0.0631,9.8564,-0.1282,-0.1326,-0.0907
17955617,-0.2396,-0.0666,9.8515,-0.1560,-0.1677,-0.0717
17955783,-0.2303,-0.0488,9.8630,-0.1516,-0.1281,-0.0878
17955950,-0.2282,-0.0515,9.8492,-0.2128,-0.2409,-0.0200
17956117,-0.2255,-0.0604,9.8541,-0.1980,-0.1584,-0.0380
17956283,-0.2400,-0.0612,9.8405,-0.1920,-0.1749,-0.0430
17956450,-0.2322,-0.0575,9.8640,-0.1684,-0.1474,-0.0998
17956617,-0.2444,-0.0636,9.8534,-0.1913,-0.1695,-0.0646
17956783,-0.2372,-0.0593,9.8544,-0.1878,-0.1481,-0.0803
17956950,-0.2255,-0.0663,9.8494,-0.1504,-0.1131,-0.0780
17957117,-0.2322,-0.0596,9.8519,-0.2542,-0.1956,-0.0639
17957283,-0.2262,-0.0509,9.8464,-0.2035,-0.1878,0.0020
17957450,-0.2328,-0.0654,9.8520,-0.1924,-0.1471,-0.0848
17957617,-0.2410,-0.0691,9.8504,-0.1312,-0.1257,-0.0308
17957783,-0.2337,-0.0600,9.8493,-0.2271,-0.2127,-0.0302
17957950,-0.2406,-0.0723,9.8507,-0.1090,-0.1628,-0.0754
17958117,-0.2374,-0.0593,9.8405,-0.1334,-0.1854,-0.0706
17958283,-0.2338,-0.0590,9.8449,-0.1839,-0.1374,-0.1082
17958450,-0.2425,-0.0654,9.8548,-0.1082,-0.1973,-0.1027
17958617,-0.2249,-0.0544,9.8531,-0.1464,-0.1326,-0.0349
17958783,-0.2279,-0.0539,9.8539,-0.1883,-0.1261,-0.0497
17958950,-0.2294,-0.0550,9.8551,-0.1447,-0.1139,-0.1117
17959117,-0.2359,-0.0512,9.8506,-0.1592,-0.1721,-0.0982
17959284,-0.2425,-0.0609,9.8653,-0.1351,-0.1761,-0.0681
17959450,-0.2327,-0.0676,9.8691,-0.1792,-0.2034,-0.0497
17959617,-0.2236,-0.0470,9.8537,-0.0996,-0.1871,-0.0606
17959784,-0.2339,-0.0636,9.8650,-0.1769,-0.1583,-0.0606
17959950,-0.2258,-0.0680,9.8635,-0.3696,-0.1268,-0.0527
17960117,-0.2450,-0.0562,9.8554,-0.1334,-0.2003,-0.0335
17960284,-0.2422,-0.0598,9.8458,-0.1568,-0.1719,-0.0058
17960450,-0.2203,-0.0592,9.8620,-0.1471,-0.3040,-0.0946
17960617,-0.2352,-0.0577,9.8354,-0.1796,-0.1940,-0.0116
17960784,-0.2360,-0.0679,9.8514,-0.1793,-0.0909,-0.1290
17960950,-0.2386,-0.0636,9.8568,-0.2235,-0.1609,-0.0171
17961117,-0.2289,-0.0650,9.8543,-0.1252,-0.1285,-0.0612
17961284,-0.2338,-0.0605,9.8576,-0.1019,-0.1948,-0.0911
17961450,-0.2423,-0.0653,9.8528,-0.1478,-0.1568,-0.0752
17961617,-0.2332,-0.0579,9.8566,-0.1051,-0.1347,-0.0609
17961784,-0.2315,-0.0665,9.8554,-0.1438,-0.1113,-0.0622
17961950,-0.2367,-0.0499,9.8504,-0.0717,-0.1958,-0.0308
17962117,-0.2350,-0.0575,9.8514,-0.2001,-0.1608,-0.0915
17962284,-0.2263,-0.0611,9.8411,-0.1738,-0.1493,-0.0768
17962450,-0.2442,-0.0526,9.8527,-0.2325,-0.1354,-0.0633
17962617,-0.2436,-0.0611,9.8616,-0.1968,-0.1020,-0.0317
17962784,-0.2331,-0.0552,9.8562,-0.1698,-0.1606,-0.0366
17962950,-0.2412,-0.0652,9.8598,-0.1989,-0.1921,-0.1356
17963117,-0.2452,-0.0659,9.8671,-0.1674,-0.1245,-0.0951
17963284,-0.2372,-0.0536,9.8521,-0.1244,-0.1357,-0.0567
17963450,-0.2193,-0.0651,9.8515,-0.2102,-0.1176,-0.0385
17963617,-0.2368,-0.0573,9.8591,-0.1650,-0.1153,-0.0609
17963784,-0.2483,-0.0597,9.8550,-0.0847,-0.1337,-0.0210
17963950,-0.2380,-0.0599,9.8396,-0.2326,-0.0429,-0.0295
17964117,-0.2290,-0.0618,9.8579,-0.2054,-0.1652,-0.0887
17964284,-0.2290,-0.0664,9.8664,-0.2464,-0.1870,-0.1000
17964450,-0.2472,-0.0648,9.8540,-0.1565,-0.1751,-0.0619
17964617,-0.2313,-0.0657,9.8557,-0.0818,-0.1736,0.0238
17964784,-0.2302,-0.0633,9.8595,-0.1797,-0.1658,-0.0803
17964950,-0.2323,-0.0582,9.8528,-0.1602,-0.1915,-0.0945
17965117,-0.2404,-0.0631,9.8544,-0.1391,-0.1113,-0.0746
17965284,-0.2368,-0.0535,9.8594,-0.1376,-0.1493,0.0072
17965450,-0.2388,-0.0680,9.8469,-0.1981,-0.1588,-0.0151
17965617,-0.2208,-0.0663,9.8648,-0.0634,-0.1562,-0.0179
17965784,-0.2290,-0.0581,9.8382,-0.1291,-0.1455,-0.0168
17965950,-0.2271,-0.0595,9.8574,-0.1232,-0.1504,-0.0216
17966117,-0.2185,-0.0504,9.8482,-0.2030,-0.1809,-0.0301
17966284,-0.2298,-0.0684,9.8635,-0.2407,-0.0939,-0.1239
17966450,-0.2390,-0.0694,9.8611,-0.2522,-0.2229,0.0014
17966617,-0.2345,-0.0583,9.8466,-0.1890,-0.2005,-0.0637
17966784,-0.2348,-0.0567,9.8559,-0.0998,-0.1735,-0.0942
17966950,-0.2254,-0.0742,9.8475,-0.1960,-0.0995,0.0171
17967117,-0.2365,-0.0526,9.8487,-0.1544,-0.1403,-0.0371
17967284,-0.2107,-0.0590,9.8500,-0.2180,-0.1072,-0.0612
17967450,-0.2340,-0.0707,9.8543,-0.1260,-0.1296,-0.0559
17967617,-0.2332,-0.0536,9.8524,-0.1847,-0.1430,-0.0937
17967784,-0.2454,-0.0496,9.8492,-0.1366,-0.2089,-0.0171
17967950,-0.2461,-0.0597,9.8522,-0.2627,-0.1502,-0.0205
17968117,-0.2279,-0.0542,9.8608,-0.1922,-0.1699,-0.0620
17968284,-0.2328,-0.0707,9.8460,-0.0909,-0.1344,-0.0499
17968450,-0.2287,-0.0615,9.8536,-0.1420,-0.1420,-0.0845
17968617,-0.2415,-0.0597,9.8480,-0.1790,-0.0990,-0.0649
17968784,-0.2444,-0.0574,9.8540,-0.2485,-0.1413,-0.0430
17968950,-0.2296,-0.0545,9.8571,-0.1787,-0.2023,-0.0080
17969117,-0.2397,-0.0669,9.8601,-0.1549,-0.0770,-0.0196
17969284,-0.2347,-0.0686,9.8527,-0.1653,-0.1878,-0.0183
17969450,-0.2337,-0.0622,9.8540,-0.1197,-0.1312,-0.0758
17969617,-0.2434,-0.0633,9.8468,-0.1503,-0.1413,-0.0067
17969784,-0.2300,-0.0549,9.8583,-0.2251,-0.1328,-0.0189
17969950,-0.2122,-0.0593,9.8502,-0.2312,-0.1077,-0.0455
17970117,-0.2227,-0.0642,9.8578,-0.1144,-0.1193,-0.0255
17970284,-0.2140,-0.0514,9.8395,-0.1672,-0.1534,-0.0487
17970450,-0.2345,-0.0600,9.8447,-0.2030,-0.1122,-0.0426
17970617,-0.2295,-0.0590,9.8584,-0.2257,-0.1956,-0.0786
17970784,-0.2279,-0.0618,9.8506,-0.1603,-0.2478,-0.0077
17970950,-0.2312,-0.0600,9.8484,-0.2487,-0.1528,-0.1494
17971117,-0.2280,-0.0602,9.8508,-0.2066,-0.2163,-0.0829
17971284,-0.2320,-0.0606,9.8485,-0.1583,-0.1810,-0.0184
17971450,-0.2284,-0.0573,9.8427,-0.1853,-0.1494,-0.0483
17971617,-0.2265,-0.0599,9.8486,-0.1787,-0.1584,-0.0461
17971784,-0.2412,-0.0622,9.8587,-0.1406,-0.1612,-0.0813
17971950,-0.2369,-0.0494,9.8619,-0.2252,-0.1172,0.0342
17972117,-0.2385,-0.0620,9.8571,-0.1668,-0.0959,-0.0179
17972284,-0.2358,-0.0620,9.8556,-0.1539,-0.1353,-0.1081
17972450,-0.2393,-0.0587,9.8442,-0.1773,-0.1373,-0.0253
17972617,-0.2317,-0.0632,9.8660,-0.1368,-0.1127,-0.0068
17972784,-0.2304,-0.0653,9.8464,-0.2690,-0.1028,-0.0372
17972950,-0.2354,-0.0563,9.8446,-0.2538,-0.2466,-0.1249
17973117,-0.2296,-0.0596,9.8554,-0.1261,-0.1858,-0.0932
17973284,-0.2383,-0.0673,9.8477,-0.1876,-0.1267,-0.0613
17973450,-0.2318,-0.0519,9.8376,-0.1967,-0.2009,-0.0969
17973617,-0.2204,-0.0648,9.8472,-0.1142,-0.1416,-0.0615
17973784,-0.2335,-0.0699,9.8591,-0.1832,-0.1403,-0.0127
17973950,-0.2254,-0.0598,9.8665,-0.0610,-0.1399,-0.0558
17974117,-0.2315,-0.0558,9.8562,-0.1551,-0.1300,-0.0203
17974284,-0.2508,-0.0607,9.8586,-0.2210,-0.1289,-0.0797
17974450,-0.2262,-0.0670,9.8586,-0.1564,-0.1492,-0.0227
17974617,-0.2324,-0.0561,9.8649,-0.1330,-0.1764,-0.0594
17974784,-0.2214,-0.0600,9.8650,-0.1495,-0.2152,-0.0062
17974950,-0.2372,-0.0544,9.8624,-0.1357,-0.2371,-0.0663
17975117,-0.2357,-0.0729,9.8566,-0.1830,-0.1224,-0.0520
17975284,-0.2261,-0.0606,9.8533,-0.0972,-0.1719,-0.0973
17975450,-0.2334,-0.0666,9.8662,-0.1423,-0.1402,-0.1153
17975617,-0.2344,-0.0624,9.8494,-0.2512,-0.1360,-0.0026
17975784,-0.2241,-0.0729,9.8492,-0.1626,-0.0928,0.0202
17975951,-0.2331,-0.0513,9.8535,-0.2081,-0.1381,-0.0568
17976117,-0.2319,-0.0694,9.8607,-0.1066,-0.1760,-0.1063
17976284,-0.2214,-0.0552,9.8485,-0.1737,-0.1633,-0.0431
17976451,-0.2322,-0.0614,9.8591,-0.1561,-0.1062,-0.0033
17976617,-0.2241,-0.0673,9.8634,-0.1867,-0.1696,-0.1050
17976784,-0.2284,-0.0484,9.8557,-0.2655,-0.1566,-0.0708
17976951,-0.2452,-0.0629,9.8591,-0.2010,-0.1558,0.0281
17977117,-0.2381,-0.0629,9.8567,-0.1525,-0.1242,-0.1306
17977284,-0.2322,-0.0525,9.8406,-0.1795,-0.1244,-0.0639
17977451,-0.2383,-0.0633,9.8635,-0.1509,-0.0954,-0.0027
17977617,-0.2344,-0.0648,9.8372,-0.1620,-0.1403,-0.0249
17977784,-0.2305,-0.0677,9.8429,-0.0887,-0.1096,-0.0368
17977951,-0.2399,-0.0452,9.8630,-0.1705,-0.1755,-0.0567
17978117,-0.2321,-0.0525,9.8428,-0.1650,-0.0815,-0.0362
17978284,-0.2414,-0.0649,9.8522,-0.2328,-0.1928,-0.0195
17978451,-0.2457,-0.0619,9.8349,-0.2290,-0.1645,-0.0573
17978617,-0.2245,-0.0655,9.8518,-0.1978,-0.2151,-0.0911
17978784,-0.2421,-0.0579,9.8536,-0.1329,-0.1072,-0.1393
17978951,-0.2252,-0.0483,9.8426,-0.1942,-0.2119,-0.0799
17979117,-0.2298,-0.0685,9.8578,-0.1284,-0.1545,-0.0229
17979284,-0.2390,-0.0770,9.8405,-0.1853,-0.1321,-0.0529
17979451,-0.2358,-0.0593,9.8394,-0.2081,-0.1606,-0.0196
17979617,-0.2261,-0.0591,9.8527,-0.1815,-0.0868,-0.0484
17979784,-0.2275,-0.0611,9.8598,-0.2312,-0.1121,-0.0679
17979951,-0.2392,-0.0639,9.8456,-0.2718,-0.1106,0.0297
17980117,-0.2322,-0.0624,9.8405,-0.1207,-0.1309,-0.0454
17980284,-0.2314,-0.0632,9.8578,-0.1778,-0.1796,-0.0787
17980451,-0.2410,-0.0648,9.8618,-0.1441,-0.1079,-0.0779
17980617,-0.2220,-0.0691,9.8443,-0.2006,-0.1425,-0.1835
17980784,-0.2458,-0.0567,9.8459,-0.1947,-0.2213,-0.1009
17980951,-0.2329,-0.0545,9.8531,-0.1762,-0.1042,-0.1091
17981117,-0.2335,-0.0760,9.8450,-0.1314,-0.0996,-0.0492
17981284,-0.2367,-0.0576,9.8523,-0.1719,-0.1344,-0.0917
17981451,-0.2277,-0.0469,9.8552,-0.1934,-0.1572,-0.0759
17981617,-0.2267,-0.0583,9.8626,-0.2407,-0.1573,-0.0780
17981784,-0.2242,-0.0585,9.8581,-0.2283,-0.2113,-0.0840
17981951,-0.2288,-0.0509,9.8502,-0.1970,-0.2375,-0.0836
17982117,-0.2314,-0.0613,9.8671,-0.1897,-0.1732,-0.0409
17982284,-0.2253,-0.0703,9.8521,-0.1587,-0.1732,-0.1209
17982451,-0.2246,-0.0606,9.8508,-0.1208,-0.1416,-0.1036
17982617,-0.2245,-0.0621,9.8570,-0.1674,-0.1377,-0.0414
17982784,-0.2334,-0.0551,9.8694,-0.1845,-0.1030,-0.0261
17982951,-0.2328,-0.0569,9.8383,-0.1019,-0.1939,-0.0736
17983117,-0.2255,-0.0646,9.8483,-0.1722,-0.1321,-0.0600
17983284,-0.2213,-0.0628,9.8539,-0.2006,-0.1953,-0.0261
17983451,-0.2338,-0.0590,9.8522,-0.1696,-0.1410,-0.0620
17983617,-0.2351,-0.0494,9.8529,-0.1273,-0.1094,-0.0289
17983784,-0.2249,-0.0671,9.8639,-0.1971,-0.2233,-0.0235
17983951
